com_id,com_nam,lin_ima,spo_nam,aff_com_nam,tot_rec,tot_dis,cas_on_han,cov_end_dat
"C00381384","13TH COLONY LEADERSHIP COMMITTEE INC","http://docquery.fec.gov/cgi-bin/fecimg/?C00381384","","JOHN HEDDENS KINGSTON","$5,770.40","$14,463.00","$71,257.06","2015-12-31"
"C00361956","21ST CENTURY MAJORITY FUND","http://docquery.fec.gov/cgi-bin/fecimg/?C00361956","","2015 ISAKSON LEADERSHIP COMMITTEE","$472,323.90","$533,095.50","$141,932.57","2016-02-29"
"C00315747","21ST CENTURY PAC","http://docquery.fec.gov/cgi-bin/fecimg/?C00315747","MCKEON, HOWARD","MCKEON",,,,""
"C00571083","3 POINT LEADERSHIP FUND","http://docquery.fec.gov/cgi-bin/fecimg/?C00571083","","","$5,000.00","$8,001.70","$1,998.35","2015-12-31"
"C00448563","3RD AND LONG PAC","http://docquery.fec.gov/cgi-bin/fecimg/?C00448563","","HEATH SHULER FOR CONGRESS","$800.00","$5,946.50","$685.74","2016-02-29"
"C00416552","3T PAC","http://docquery.fec.gov/cgi-bin/fecimg/?C00416552","","NICK J. RAHALL II",,"$882.80","$73,797.10","2015-06-30"
"C00543504","4 MA PAC","http://docquery.fec.gov/cgi-bin/fecimg/?C00543504","","JOSEPH P KENNEDY III","$76,400.00","$101,412.00","$14,304.80","2015-12-31"
"C00458570","A NEW DIRECTION PAC","http://docquery.fec.gov/cgi-bin/fecimg/?C00458570","SHAHEEN, JEANNE","SHAHEEN","$93,738.00","$70,865.00","$56,793.28","2015-12-31"
"C00471813","ACCOUNTABILITY PAC","http://docquery.fec.gov/cgi-bin/fecimg/?C00471813","","BILL POSEY",,"$825.00","$10,969.82","2015-12-31"
"C00411579","ACTON PAC","http://docquery.fec.gov/cgi-bin/fecimg/?C00411579","WESTMORELAND, LYNN","WESTMORELAND","$51,000.00","$9,466.60","$48,494.88","2016-02-29"
"C00368571","ADVANCE THE MAJORITY POLITICAL ACTION COMMITTEE","http://docquery.fec.gov/cgi-bin/fecimg/?C00368571","MILLER, JEFFERSON B.","","$57,500.00","$58,545.50","$6,190.54","2015-12-31"
"C00387464","ALAMO PAC","http://docquery.fec.gov/cgi-bin/fecimg/?C00387464","CORNYN, JOHN","CORNYN","$973,653.30","$748,604.50","$366,770.93","2015-12-31"
"C00344788","ALL AMERICA PAC","http://docquery.fec.gov/cgi-bin/fecimg/?C00344788","","EVAN BAYH","-$3,144.00","$29,478.50","$426,849.11","2015-12-31"
"C00483628","ALL POWER TO THE PEOPLE PAC","http://docquery.fec.gov/cgi-bin/fecimg/?C00483628","RUSH, BOBBY","RUSH",,"$3,000.00","$9,942.08","2015-12-31"
"C00411967","ALOHA PAC","http://docquery.fec.gov/cgi-bin/fecimg/?C00411967","ABERCROMBIE, NEIL","ABERCROMBIE",,"$1,037.30","$8,253.67","2016-02-29"
"C00427187","AMERICA FIRST POLITICAL ACTION COMMITTEE","http://docquery.fec.gov/cgi-bin/fecimg/?C00427187","","",,"$2,642.50",,"2015-06-30"
"C00403675","AMERICA FORWARD LEADERSHIP PAC","http://docquery.fec.gov/cgi-bin/fecimg/?C00403675","CONYERS, JOHN","CONYERS","$15,200.00","$6,898.50","$8,451.60","2015-12-31"
"C00511196","AMERICA NOW","http://docquery.fec.gov/cgi-bin/fecimg/?C00511196","CARSON, ANDRE","CARSON","$37,502.00","$12,239.50","$35,670.50","2016-02-29"
"C00567180","AMERICA UNLIMITED","http://docquery.fec.gov/cgi-bin/fecimg/?C00567180","YOHO, THEODORE SCOTT MR.","YOHO","$200.00","$3,667.80","$122.23","2015-12-31"
"C00331694","AMERICA WORKS PAC","http://docquery.fec.gov/cgi-bin/fecimg/?C00331694","BROWN, SHERROD","BROWN","$732,634.20","$738,091.90","$63,662.17","2016-02-29"
"C00571422","AMERICA'S COMMITTEE FOR EXCELLENCE POLITICAL ACTION COMMITTEE (ACEPAC)","http://docquery.fec.gov/cgi-bin/fecimg/?C00571422","","","$12,812.80","$11,292.60","$8,520.14","2015-12-31"
"C00524314","AMERICA'S FIRST PAC","http://docquery.fec.gov/cgi-bin/fecimg/?C00524314","","ROB WITTMAN","$35,500.00","$32,523.30","$8,245.61","2015-12-31"
"C00494757","AMERICA'S FUTURE FUND PAC","http://docquery.fec.gov/cgi-bin/fecimg/?C00494757","RENACCI, JAMES","RENACCI","$26,648.50","$37,098.50","$31,588.90","2016-02-24"
"C00492025","AMERICAN DEFENSE AND MILITARY PAC (ADAM PAC)","http://docquery.fec.gov/cgi-bin/fecimg/?C00492025","","ADAM SMITH","$58,029.00","$40,608.60","$26,339.98","2015-12-31"
"C00524033","AMERICAN FREEDOM PAC","http://docquery.fec.gov/cgi-bin/fecimg/?C00524033","HUELSKAMP, TIMOTHY A REPRESENTA","HUELSKAMP","$5,300.00","$7,172.00","$8,378.02","2015-12-31"
"C00561779","AMERICAN INNOVATION POLITICAL ACTION COMMITTEE (AMI PAC)","http://docquery.fec.gov/cgi-bin/fecimg/?C00561779","","AMERISH BERA","$31,350.00","$13,747.50","$23,584.19","2015-12-31"
"C00553271","AMERICAN LEADERSHIP NOW (ALN PAC)","http://docquery.fec.gov/cgi-bin/fecimg/?C00553271","","PETER T KING","$1,550.00","$23,491.40","-$211.68","2015-12-31"
"C00495150","AMERICAN LIBERTY AND NATION PAC (ALAN PAC)","http://docquery.fec.gov/cgi-bin/fecimg/?C00495150","","NUNNELEE JOINT FUNDRAISING COMMITTEE","$39,921.00","$50,844.50",,"2015-12-31"
"C00439521","AMERICAN SECURITY PAC","http://docquery.fec.gov/cgi-bin/fecimg/?C00439521","ROGERS, MIKE","ROGERS","$48,500.00","$15,229.60","$40,712.22","2015-12-31"
"C00572362","AMERICANS FOR LEGISLATIVE EXCELLENCE PAC","http://docquery.fec.gov/cgi-bin/fecimg/?C00572362","","","$2,500.00","$690.90","$1,809.00","2015-12-31"
"C00383422","AMERICANS FOR REPUBLICAN LEADERSHIP PAC","http://docquery.fec.gov/cgi-bin/fecimg/?C00383422","LANCE, LEONARD","LANCE","$5,000.00","$20,332.80","$4,567.17","2015-12-31"
"C00375378","AMERICANS NATIONWIDE DEDICATED TO ELECTING REPUBLICANS PAC","http://docquery.fec.gov/cgi-bin/fecimg/?C00375378","","HON. ANDER CRENSHAW","$133,000.00","$90,204.40","$50,483.75","2015-12-31"
"C00271338","AMERIPAC: THE FUND FOR A GREATER AMERICA","http://docquery.fec.gov/cgi-bin/fecimg/?C00271338","HOYER, STENY","HOYER","$1,320,302.20","$1,488,916.90","$603,699.34","2016-02-29"
"C00527846","ANN MARIE PAC","http://docquery.fec.gov/cgi-bin/fecimg/?C00527846","","ANN MARIE BUERKLE",,,"$4,630.96","2015-12-31"
"C00531764","ANN PAC","http://docquery.fec.gov/cgi-bin/fecimg/?C00531764","","","$151,500.00","$134,460.20","$41,207.16","2016-02-29"
"C00540062","ANNIEPAC","http://docquery.fec.gov/cgi-bin/fecimg/?C00540062","KUSTER, ANNIE","KUSTER","$5,039.00","$1,621.90","$3,723.00","2016-02-29"
"C00553586","ARAB AMERICAN POLITICAL ACTION COMMITTEE OF MARYLAND","http://docquery.fec.gov/cgi-bin/fecimg/?C00553586","","",,,,""
"C00416404","ARCH LEADERSHIP PAC","http://docquery.fec.gov/cgi-bin/fecimg/?C00416404","","RUSS CARNAHAN FOR CONGRESS","$5,500.00","$1,045.00","$5,266.72","2015-12-31"
"C00413948","ARKANSAS FOR LEADERSHIP POLITICAL ACTION COMMITTEE (ARKPAC)","http://docquery.fec.gov/cgi-bin/fecimg/?C00413948","BOOZMAN, SEN. JOHN","BOOZMAN","$160,496.50","$186,238.00","$16,603.24","2015-12-31"
"C00461624","ARTICLE 1 POLITICAL ACTION COMMITTEE","http://docquery.fec.gov/cgi-bin/fecimg/?C00461624","","MR JOHN A YARMUTH","$37,500.00","$24,224.80","$49,506.72","2015-12-31"
"C00581751","ASSOCIATION OF MISSOURI NURSE PRACTITIONER'S POLITICAL ACTION COMMITTEE","http://docquery.fec.gov/cgi-bin/fecimg/?C00581751","","",,,,""
"C00552489","AT THE TABLE!","http://docquery.fec.gov/cgi-bin/fecimg/?C00552489","","GRACE MENG","$32,474.00","$22,589.70","$19,247.13","2016-02-29"
"C00506535","AX PAC","http://docquery.fec.gov/cgi-bin/fecimg/?C00506535","","SEAN DUFFY","$95,169.00","$105,866.00","$18,229.89","2015-12-31"
"C00382242","BADGERPAC","http://docquery.fec.gov/cgi-bin/fecimg/?C00382242","KIND, RONALD","KIND","$256,143.40","$220,230.40","$59,045.53","2016-02-29"
"C00543207","BADLANDS PAC","http://docquery.fec.gov/cgi-bin/fecimg/?C00543207","CRAMER, KEVIN","CRAMER","$20,500.00","$4,600.00","$21,620.77","2015-12-31"
"C00607747","BAPTIST MAKING HEALTHIER COMMUNITIES","http://docquery.fec.gov/cgi-bin/fecimg/?C00607747","","DON   POUNDS",,,,""
"C00559146","BELIEVE IN LIFE LIBERTY YOURSELF AKA BILLY PAC","http://docquery.fec.gov/cgi-bin/fecimg/?C00559146","","","$36,548.10","$11,774.40","$38,280.15","2015-12-31"
"C00503581","BETTER LEADERSHIP - BETTER AMERICA PAC","http://docquery.fec.gov/cgi-bin/fecimg/?C00503581","RIGELL, EDWARD SCOTT","RIGELL","$25,061.20","$25,487.50","$3,895.88","2015-12-31"
"C00584805","BFB PAC","http://docquery.fec.gov/cgi-bin/fecimg/?C00584805","","HON.  BRENDAN  BOYLE","$10,000.00",,"$10,000.00","2015-12-31"
"C00483727","BIG RED POLITICAL ACTION COMMITTEE","http://docquery.fec.gov/cgi-bin/fecimg/?C00483727","TERRY, LEE","TERRY",,"$9,048.70",,"2015-12-31"
"C00542027","BIG SKY OPPORTUNITY PAC","http://docquery.fec.gov/cgi-bin/fecimg/?C00542027","","STEVE DAINES FOR MONTANA","$224,400.00","$238,177.50","$9,421.32","2016-02-29"
"C00412288","BILL PAC","http://docquery.fec.gov/cgi-bin/fecimg/?C00412288","","WILLIAM F SHUSTER","$366,754.70","$406,826.60","$127,824.43","2016-02-29"
"C00527275","BILL PAC","http://docquery.fec.gov/cgi-bin/fecimg/?C00527275","","BILL FLORES","$57,500.00","$10,532.70","$48,482.99","2016-02-10"
"C00505636","BISHOP PAC BUILDING INFRASTRUCTURE HARNESSING OUR PRIORITIES","http://docquery.fec.gov/cgi-bin/fecimg/?C00505636","BISHOP, TIMOTHY","BISHOP","$14,995.00","$25,202.20","$12,390.92","2015-12-31"
"C00493700","BLUE HEN PAC","http://docquery.fec.gov/cgi-bin/fecimg/?C00493700","COONS, CHRISTOPHER","COONS","$501,828.00","$288,318.80","$236,398.17","2016-02-29"
"C00529693","BLUE MAJORITY PAC","http://docquery.fec.gov/cgi-bin/fecimg/?C00529693","POCAN, MARK","POCAN","$77,500.00","$39,500.80","$69,219.30","2015-12-31"
"C00575894","BLUE POWER PAC","http://docquery.fec.gov/cgi-bin/fecimg/?C00575894","","REP.  DONALD  NORCROSS","$35,520.00","$7,942.20","$27,577.78","2015-12-31"
"C00235655","BLUEGRASS COMMITTEE","http://docquery.fec.gov/cgi-bin/fecimg/?C00235655","MCCONNELL, MITCH","MCCONNELL","$1,159,318.00","$889,248.60","$409,221.47","2016-02-29"
"C00567545","BOOTS POLICITAL ACTION COMMITTEE","http://docquery.fec.gov/cgi-bin/fecimg/?C00567545","MULLIN, MARKWAYNE","MULLIN","$44,058.50","$24,183.50","$24,859.98","2016-02-29"
"C00430819","BORN FIGHTING PAC","http://docquery.fec.gov/cgi-bin/fecimg/?C00430819","","","$27,092.00","$31,930.50","$64,056.73","2015-12-31"
"C00430579","BRAVE PAC","http://docquery.fec.gov/cgi-bin/fecimg/?C00430579","SCOTT, DAVID","SCOTT","$240,000.00","$134,108.80","$136,032.39","2015-12-31"
"C00483487","BRETTPAC-THE LEADERSHIP PAC OF U.S.REPRESENATIVE BRETT GUTHRIE","http://docquery.fec.gov/cgi-bin/fecimg/?C00483487","","","$68,049.00","$33,079.20","$54,808.00","2015-12-31"
"C00568709","BRIDGING THE GAP","http://docquery.fec.gov/cgi-bin/fecimg/?C00568709","","DEBRA S FISCHER","$11,657.00","$5,122.90","$6,554.36","2015-12-31"
"C00529834","BRIGHTER FUTURES PAC (BF PAC)","http://docquery.fec.gov/cgi-bin/fecimg/?C00529834","FARENTHOLD, RANDOLPH BLAKE","FARENTHOLD","$3,000.00","$2,356.70","$4,119.53","2015-12-31"
"C00405050","BRINGING EVERYONE TOGETHER THROUGH ADVOCACY","http://docquery.fec.gov/cgi-bin/fecimg/?C00405050","MCCOLLUM, BETTY","MCCOLLUM","$75,001.60","$64,826.10","$17,962.30","2016-02-29"
"C00448472","BRINGING LEADERSHIP BACK PAC","http://docquery.fec.gov/cgi-bin/fecimg/?C00448472","BRALEY, BRUCE","BRALEY",,"$184.70",,"2015-03-31"
"C00366781","BUCKEYE LIBERTY PAC","http://docquery.fec.gov/cgi-bin/fecimg/?C00366781","JORDAN, JAMES","JORDAN","$13,609.70","$38,080.30",,"2015-09-28"
"C00597062","BUDDY PAC","http://docquery.fec.gov/cgi-bin/fecimg/?C00597062","","EARL  LEROY  CARTER","$13,500.00","$8,255.00","$5,245.00","2016-02-29"
"C00491183","BUDGETHAWKS.COM","http://docquery.fec.gov/cgi-bin/fecimg/?C00491183","","BEEHIVE VICTORY FUND","$71,200.00","$98,761.70","$24,395.06","2016-02-29"
"C00377143","BUILD AMERICA PAC","http://docquery.fec.gov/cgi-bin/fecimg/?C00377143","MEEKS, GREGORY","MEEKS","$58,538.90","$53,454.60","$59,347.01","2015-12-31"
"C00412221","BUILDING A MAJORITY PAC (BAMPAC)","http://docquery.fec.gov/cgi-bin/fecimg/?C00412221","MIKULSKI, BARBARA","MIKULSKI","$214,223.00","$200,181.10","$76,590.05","2016-02-29"
"C00572271","BUILDING AMERICA'S REPUBLICAN REPRESENTATION PAC","http://docquery.fec.gov/cgi-bin/fecimg/?C00572271","BARR, GARLAND","BARR","$137,875.00","$122,054.80","$15,820.17","2016-02-29"
"C00553883","BUILDING AMERICAN CONSERVATISM PAC AKA GO BY BAC PAC","http://docquery.fec.gov/cgi-bin/fecimg/?C00553883","WEBER, RANDY","WEBER","$15,000.00","$617.50","$16,974.16","2016-02-10"
"C00588335","BUILDING AND RESTORING AMERICA TOGETHER POLITICAL ACTION COMMITTEE","http://docquery.fec.gov/cgi-bin/fecimg/?C00588335","","","$6,973.80","$6,959.30","$14.50","2016-02-29"
"C00590356","BUILDING AND RESTORING THE AMERICAN DREAM FUND","http://docquery.fec.gov/cgi-bin/fecimg/?C00590356","WENSTRUP, BRAD","WENSTRUP","$15,000.00","$26.40","$14,973.65","2015-12-31"
"C00505693","BUILDING EFFECTIVE RESPONSIBLE GOVERNMENT PAC (BERG PAC)","http://docquery.fec.gov/cgi-bin/fecimg/?C00505693","BERG, RICHARD","BERG",,"$5,509.90","$38,742.10","2015-12-31"
"C00489427","BUILDING LEADERSHIP AND INSPIRING NEW ENTERPRISE PAC","http://docquery.fec.gov/cgi-bin/fecimg/?C00489427","LUETKEMEYER, W BLAINE","LUETKEMEYER","$126,500.00","$82,560.50","$61,232.83","2015-12-31"
"C00510248","BUILDING OUR BASE - BOB PAC","http://docquery.fec.gov/cgi-bin/fecimg/?C00510248","","MR ROBERT B GIBBS","$10,000.00","$15,100.50","$9,767.23","2016-02-24"
"C00399196","BUILDING RELATIONSHIPS IN DIVERSE GEOGRAPHIC ENVIRONMENTS PAC (BRIDGE PAC)","http://docquery.fec.gov/cgi-bin/fecimg/?C00399196","CLYBURN, JAMES E","CLYBURN","$728,417.90","$514,456.60","$491,293.96","2016-02-29"
"C00589994","BUILDING RENEWAL IN AMERICA NOW PAC","http://docquery.fec.gov/cgi-bin/fecimg/?C00589994","","BRIAN BABIN","$25,000.00","$13,505.70","$11,494.28","2016-02-29"
"C00573394","BULLDOG VICTORY PAC","http://docquery.fec.gov/cgi-bin/fecimg/?C00573394","","DAVID YOUNG","$14,799.70","$2,050.70","$12,849.02","2016-02-29"
"C00610840","BWC - BECAUSE WOMEN CAN PAC","http://docquery.fec.gov/cgi-bin/fecimg/?C00610840","","BONNIE  WATSON COLEMAN",,,,""
"C00573709","CA LUV PAC (CALIFORNIA LEADERSHIP UNITED FOR VICTORY PAC)","http://docquery.fec.gov/cgi-bin/fecimg/?C00573709","","PETE  AGUILAR","$15,000.00","$12,670.00","$2,330.00","2015-12-31"
"C00347443","CACTUS POLITICAL ACTION COMMITTEE (PAC)","http://docquery.fec.gov/cgi-bin/fecimg/?C00347443","PASTOR, ED L","","$1.00","$66.00","$28,318.81","2015-12-31"
"C00491985","CAJUN POLITICAL ACTION COMMITTEE (CAJUNPAC)","http://docquery.fec.gov/cgi-bin/fecimg/?C00491985","","CONGRESSMAN JEFF LANDRY (SPONSOR)",,"$40.00","$1,248.74","2015-12-31"
"C00386300","CALUMET PAC","http://docquery.fec.gov/cgi-bin/fecimg/?C00386300","VISCLOSKY, PETER","","$70,500.00","$49,233.20","$74,472.88","2015-12-31"
"C00441501","CAMPAIGN FOR CHANGE","http://docquery.fec.gov/cgi-bin/fecimg/?C00441501","","","$18,914.80","$86,269.00",,"2015-07-29"
"C00506907","CAPAC LEADERSHIP PAC","http://docquery.fec.gov/cgi-bin/fecimg/?C00506907","","JUDY CHU","$77,378.80","$63,286.10","$19,329.65","2016-02-29"
"C00572586","CAPITOL HEEL PAC","http://docquery.fec.gov/cgi-bin/fecimg/?C00572586","","ALMA S ADAMS","$5,000.00",,"$5,000.00","2015-12-31"
"C00341990","CAROLYN'S PAC","http://docquery.fec.gov/cgi-bin/fecimg/?C00341990","","","$71,300.00","$72,871.80","$56,787.71","2015-12-31"
"C00544411","CATALYST PAC","http://docquery.fec.gov/cgi-bin/fecimg/?C00544411","RADEL, HENRY","RADEL",,"$4,775.00","$7,917.87","2016-02-29"
"C00540906","CHERPAC","http://docquery.fec.gov/cgi-bin/fecimg/?C00540906","","CHERI BUSTOS","$44,650.00","$16,735.10","$32,663.62","2016-02-29"
"C00492819","CHESAPEAKE PAC","http://docquery.fec.gov/cgi-bin/fecimg/?C00492819","HARRIS, ANDREW","HARRIS","$62,100.00","$35,776.20","$39,967.59","2016-02-29"
"C00469411","CHUTZPAC","http://docquery.fec.gov/cgi-bin/fecimg/?C00469411","","HOWARD L BERMAN",,,"$3,295.78","2015-12-31"
"C00491654","CITIZENS FOR PROSPERITY IN AMERICA TODAY PAC","http://docquery.fec.gov/cgi-bin/fecimg/?C00491654","","PATRICK JOSEPH TOOMEY","$543,614.70","$642,163.30","$20,349.95","2016-02-29"
"C00524322","CITIZENS STRENGTHENING OUR MAJORITY IN THE HOUSE (C SMITH PAC)","http://docquery.fec.gov/cgi-bin/fecimg/?C00524322","","CHRIS SMITH","$3.50","$417.00","$4,490.22","2015-12-31"
"C00564260","CLEAN PAC","http://docquery.fec.gov/cgi-bin/fecimg/?C00564260","","JARED HUFFMAN","$123,388.70","$72,540.40","$100,914.85","2015-12-31"
"C00605410","CLIMATE CHAMPIONS PAC","http://docquery.fec.gov/cgi-bin/fecimg/?C00605410","","JEFFREY MERKLEY","$38,004.50","$2,347.40","$35,657.10","2016-02-29"
"C00469429","CMR POLITICAL ACTION COMMITTEE","http://docquery.fec.gov/cgi-bin/fecimg/?C00469429","","THE MCMORRIS RODGERS AMERICAN DREAM PROJECT","$533,767.20","$507,434.30","$33,011.91","2016-02-29"
"C00400457","COME BACK POLITICAL ACTION COMMITTEE","http://docquery.fec.gov/cgi-bin/fecimg/?C00400457","","TIM MURPHY","$15,004.00","$15,020.40","$8,300.27","2016-02-29"
"C00427286","COMMERCE, HOPE, INNOVATION & PROGRESS PAC","http://docquery.fec.gov/cgi-bin/fecimg/?C00427286","","",,,,"2015-06-30"
"C00485565","COMMITTED TO PROTECTING OUR COUNTRY PAC","http://docquery.fec.gov/cgi-bin/fecimg/?C00485565","","CHRISTOPHER P CARNEY",,,,""
"C00451609","COMMITTED TO WIN PAC","http://docquery.fec.gov/cgi-bin/fecimg/?C00451609","HASTINGS FOR CONGRESS, HASTINGS FOR CONGRES","HASTINGS FOR CONGRESS",,"$2,000.00","$3,655.45","2015-12-31"
"C00370122","COMMITTEE FOR A DEMOCRATIC FUTURE","http://docquery.fec.gov/cgi-bin/fecimg/?C00370122","DELAURO, ROSA L","DELAURO","$89,700.00","$90,178.50","$3,940.40","2016-02-29"
"C00323352","COMMITTEE FOR A LIVABLE FUTURE","http://docquery.fec.gov/cgi-bin/fecimg/?C00323352","BLUMENAUER, EARL","BLUMENAUER","$62,363.10","$36,100.90","$55,295.62","2016-02-29"
"C00366666","COMMITTEE FOR LEADERSHIP AND PROGRESS","http://docquery.fec.gov/cgi-bin/fecimg/?C00366666","LOWEY, NITA","","$52,500.00","$38,597.00","$36,654.96","2016-02-29"
"C00196824","COMMITTEE FOR PROGRESSIVE CONGRESS","http://docquery.fec.gov/cgi-bin/fecimg/?C00196824","OBEY, DAVID","",,,"$19,276.08","2016-02-29"
"C00362236","COMMITTEE FOR SOUTHWEST VIRGINIA","http://docquery.fec.gov/cgi-bin/fecimg/?C00362236","BOUCHER, FREDERICK C","BOUCHER","$10,626.90","$455.80","$268,346.94","2015-12-31"
"C00492165","COMMITTEE TO STRENGTHEN AMERICA; THE","http://docquery.fec.gov/cgi-bin/fecimg/?C00492165","ANDREWS, ROBERT E. MR.","ANDREWS",,"$34,028.70","$49,762.50","2015-12-31"
"C00542746","COMMON GOOD FUND","http://docquery.fec.gov/cgi-bin/fecimg/?C00542746","","JAMES MCDERMOTT","$9,500.00","$226.50","$14,428.68","2016-02-29"
"C00491936","COMMON SENSE COLORADO","http://docquery.fec.gov/cgi-bin/fecimg/?C00491936","","MICHAEL BENNET","$459,554.20","$353,796.90","$205,008.41","2016-02-29"
"C00345058","COMMON SENSE COMMON SOLUTIONS POLITICAL ACTION COMMITTEE","http://docquery.fec.gov/cgi-bin/fecimg/?C00345058","GRANGER, KAY","GRANGER","$48,000.00","$59,142.00","$25,484.29","2015-12-31"
"C00491142","COMMON SENSE DEMOCRAT PAC","http://docquery.fec.gov/cgi-bin/fecimg/?C00491142","","STEPHEN F LYNCH",,"$2,000.00","$15,850.00","2015-12-31"
"C00442368","COMMON VALUES PAC","http://docquery.fec.gov/cgi-bin/fecimg/?C00442368","","BARRASSO VICTORY COMMITTEE","$531,512.20","$321,718.40","$396,576.34","2016-02-29"
"C00498931","COMMONWEALTH PAC","http://docquery.fec.gov/cgi-bin/fecimg/?C00498931","","","$12,500.00","$20,973.00","$20,209.95","2015-12-31"
"C00540989","COMMUNITY PAC","http://docquery.fec.gov/cgi-bin/fecimg/?C00540989","","HENRY C "HANK" JOHNSON JR",,,"$50.00","2015-12-31"
"C00481176","CONCERNED AMERICANS FOR FREEDOM & OPPORTUNITY PAC (CAFO PAC)","http://docquery.fec.gov/cgi-bin/fecimg/?C00481176","SMITH, ADRIAN","SMITH","$60,500.00","$74,822.30","$749.72","2016-02-29"
"C00554535","CONGRESSIONAL HOUSE REPUBLICANS IN SERVICE PAC (CHRIS PAC)","http://docquery.fec.gov/cgi-bin/fecimg/?C00554535","","COLLINS VICTORY FUND","$15,625.00","$13,375.00","$5,386.25","2015-12-31"
"C00117721","CONGRESSIONAL MAJORITY COMMITTEE","http://docquery.fec.gov/cgi-bin/fecimg/?C00117721","","",,,,""
"C00427401","CONSERVATIVE & REPUBLICAN TOGETHER EQUALS RESULTS PAC","http://docquery.fec.gov/cgi-bin/fecimg/?C00427401","CARTER, JOHN R.","CARTER","$17,500.00","$3,018.50","$18,009.07","2015-12-31"
"C00488155","CONSERVATIVE AMERICAN NETWORK DELIVERING INCREASED CONGRESSIONAL EXCELLENCE (CANDICE-PAC)","http://docquery.fec.gov/cgi-bin/fecimg/?C00488155","MILLER, CANDICE","MILLER","$10,338.90","$16,856.40","$15,149.88","2015-12-31"
"C00388223","CONSERVATIVE LEADERSHIP FUND","http://docquery.fec.gov/cgi-bin/fecimg/?C00388223","FORBES, J. RANDY","FORBES","$4,500.00","$15,311.00","$8,595.19","2015-12-31"
"C00409458","CONSERVATIVE OPPORTUNITIES FOR A NEW AMERICA PAC","http://docquery.fec.gov/cgi-bin/fecimg/?C00409458","","CONAWAY MAJORITY FUND","$213,250.00","$175,500.70","$66,928.65","2016-02-10"
"C00404392","CONSERVATIVE OPPURTUNITY LEADERSHIP AND ENTERPRISE PAC (COLE PAC)","http://docquery.fec.gov/cgi-bin/fecimg/?C00404392","","TOM COLE","$198,378.90","$108,651.60","$115,492.35","2015-12-31"
"C00428839","CONSERVATIVE PRINCIPLES PAC","http://docquery.fec.gov/cgi-bin/fecimg/?C00428839","","STEVEN KING","$8,850.00","$21,194.90","$769.95","2015-12-31"
"C00585893","CONSERVATIVE PROMISES PAC","http://docquery.fec.gov/cgi-bin/fecimg/?C00585893","","GARY  PALMER",,,,"2016-02-29"
"C00549725","CONSERVATIVE ROUNDTABLE","http://docquery.fec.gov/cgi-bin/fecimg/?C00549725","","THE HOLDING VICTORY FUND","$114,863.10","$110,778.30","$14,640.72","2015-12-31"
"C00502187","CONSERVATIVES RESTORING EXCELLENCE (CRE-PAC)","http://docquery.fec.gov/cgi-bin/fecimg/?C00502187","ELLMERS, RENEE","ELLMERS","$45,500.00","$17,627.10","$30,603.36","2015-12-31"
"C00497362","CONSTITUTIONAL CONSERVATIVES FUND","http://docquery.fec.gov/cgi-bin/fecimg/?C00497362","LEE, MIKE","LEE","$2,500.00","$22,827.50",,"2015-11-30"
"C00350462","CONTINUING A MAJORITY PARTY ACTION COMMITTEE (CAMPAC)","http://docquery.fec.gov/cgi-bin/fecimg/?C00350462","","DAVID LEE CAMP","$1,009.60","$34,746.70","$19,668.40","2015-12-31"
"C00480228","CONTINUING AMERICA'S STRENGTH AND SECURITY PAC","http://docquery.fec.gov/cgi-bin/fecimg/?C00480228","","WILLIAM M CASSIDY","$301,218.20","$208,797.40","$108,935.27","2015-12-31"
"C00525592","COOL PAC","http://docquery.fec.gov/cgi-bin/fecimg/?C00525592","WEBSTER, DANIEL","WEBSTER","$15,000.00","$33,000.00","$7,868.20","2015-12-31"
"C00457705","COUNTRY FIRST POLITICAL ACTION COMMITTEE INC. (COUNTRY FIRST PAC)","http://docquery.fec.gov/cgi-bin/fecimg/?C00457705","","PATRIOT FIRST PAC","$201,556.30","$371,132.30","$62,035.20","2015-12-31"
"C00484402","COUNTRY ROADS PAC","http://docquery.fec.gov/cgi-bin/fecimg/?C00484402","MANCHIN, JOE","MANCHIN","$351,005.60","$170,497.60","$442,699.66","2016-02-29"
"C00522060","DAGNY POLITICAL ACTION COMMITTEE","http://docquery.fec.gov/cgi-bin/fecimg/?C00522060","","CYNTHIA LUMMIS",,"$1,700.00","$3,979.00","2015-12-31"
"C00493072","DAKOTA PAC","http://docquery.fec.gov/cgi-bin/fecimg/?C00493072","HOEVEN, JOHN","HOEVEN","$137,808.50","$110,607.30","$35,442.21","2016-02-29"
"C00536607","DAKOTA PRAIRIE PAC","http://docquery.fec.gov/cgi-bin/fecimg/?C00536607","","HEIDI HEITKAMP","$355,900.00","$370,019.10","$36,315.58","2016-02-29"
"C00387134","DANIEL WEBSTER PAC","http://docquery.fec.gov/cgi-bin/fecimg/?C00387134","SUNUNU, JOHN E","","$.30","$4,238.80",,"2015-12-31"
"C00455360","DAWG PAC - DEMOCRATS AGAINST WASTE IN GOVERNMENT","http://docquery.fec.gov/cgi-bin/fecimg/?C00455360","BARROW, JOHN","BARROW",,"$14,247.50","$79,185.43","2016-02-29"
"C00540393","DBM PAC","http://docquery.fec.gov/cgi-bin/fecimg/?C00540393","MCKINLEY, DAVID","MCKINLEY","$4,500.00","$2,145.80","$4,758.23","2016-02-29"
"C00577288","DECIDING CRITICAL RACES PAC (DCR PAC)","http://docquery.fec.gov/cgi-bin/fecimg/?C00577288","ROUZER, DAVID CHESTON MR.","ROUZER","$9,600.00","$3.00","$9,597.00","2015-12-31"
"C00427930","DEDICATED TO ESTABLISHING NATIONAL TEAMWORK PAC (DENT PAC)","http://docquery.fec.gov/cgi-bin/fecimg/?C00427930","DENT, CHARLES W.","","$106,750.00","$100,740.70","$15,985.06","2016-02-29"
"C00569293","DEEDS NOT WORDS POLITICAL ACTION COMMITTEE","http://docquery.fec.gov/cgi-bin/fecimg/?C00569293","","","$432.00","$4,326.50","$6,183.00","2015-12-31"
"C00325993","DEFEND AMERICA PAC","http://docquery.fec.gov/cgi-bin/fecimg/?C00325993","","SENATOR RICHARD SHELBY","$318,438.90","$362,129.40","$4,492,001.33","2016-02-29"
"C00497594","DEFENDING AMERICA'S VALUES EVERYWHERE (TEAM DAVE)","http://docquery.fec.gov/cgi-bin/fecimg/?C00497594","SCHWEIKERT, DAVID","SCHWEIKERT","$35,500.00","$18,410.20","$17,655.88","2015-12-31"
"C00571216","DEFENDING AMERICAN VALUES EVERYWHERE PAC (DAVE PAC)","http://docquery.fec.gov/cgi-bin/fecimg/?C00571216","","DAVID P JOYCE","$41,500.00","$21,950.00","$19,550.00","2016-02-29"
"C00499996","DEFENDING AND INVESTING IN AMERICA'S NEW ENDEAVORS PAC (DIANE PAC)","http://docquery.fec.gov/cgi-bin/fecimg/?C00499996","BLACK, DIANE","BLACK","$68,798.50","$55,991.00","$38,947.32","2016-02-29"
"C00531632","DEFENSE, ECONOMIC RENEWAL, EDUCATION AND KNOWLEDGE PAC","http://docquery.fec.gov/cgi-bin/fecimg/?C00531632","KILMER, DEREK","KILMER","$61,200.00","$39,329.70","$22,611.74","2016-02-29"
"C00523670","DEL PAC","http://docquery.fec.gov/cgi-bin/fecimg/?C00523670","","JOHN CARNEY","$40,515.00","$49,133.90","$25,041.50","2015-12-31"
"C00565226","DEMOCRATS MAKING PROGRESS PAC DMP JR PAC","http://docquery.fec.gov/cgi-bin/fecimg/?C00565226","","",,,,""
"C00423079","DEMOCRATS RESHAPING AMERICA (DREAMPAC)","http://docquery.fec.gov/cgi-bin/fecimg/?C00423079","SANCHEZ, LINDA","SANCHEZ","$129,015.20","$96,924.10","$32,613.01","2015-12-31"
"C00450577","DEMOCRATS TIME IN NEVADA","http://docquery.fec.gov/cgi-bin/fecimg/?C00450577","TITUS, DINA","TITUS","$17,500.00","$15,670.70","$17,422.48","2015-12-31"
"C00425470","DEMOCRATS WIN SEATS (DWS PAC)","http://docquery.fec.gov/cgi-bin/fecimg/?C00425470","WASSERMAN SCHULTZ, DEBBIE","WASSERMAN SCHULTZ","$763,950.70","$955,743.00","$99,795.06","2016-02-29"
"C00438291","DENALI LEADERSHIP PAC","http://docquery.fec.gov/cgi-bin/fecimg/?C00438291","","MURKOWSKI VICTORY 2016","$271,595.20","$279,595.20","$37,888.78","2016-02-29"
"C00391797","DIRIGO PAC","http://docquery.fec.gov/cgi-bin/fecimg/?C00391797","","SENATOR SUSAN M. COLLINS","$189,003.60","$216,412.30","$38,401.17","2016-02-29"
"C00396721","DOC PAC","http://docquery.fec.gov/cgi-bin/fecimg/?C00396721","GINGREY, J PHILLIP","GINGREY",,"$787.60",,"2015-12-31"
"C00569871","DOING RIGHT - RESULTS ACTION UNITY LEADERSHIP PAC DR RAUL PAC","http://docquery.fec.gov/cgi-bin/fecimg/?C00569871","","DR RAUL RUIZ","$19,600.00","$20,268.60","$2,399.78","2015-12-31"
"C00531756","DOUGLASPAC-DOING OUR UTMOST FOR GOD LIBERTY AND SECURITY","http://docquery.fec.gov/cgi-bin/fecimg/?C00531756","","DOUGLAS LAMBORN","$5,000.00","$10,767.80","$29,939.57","2015-12-31"
"C00594101","DULLESPAC","http://docquery.fec.gov/cgi-bin/fecimg/?C00594101","","MR.  JULIEN  MODICA","$1,000.00","$249.00","$751.00","2015-12-31"
"C00570945","E-PAC","http://docquery.fec.gov/cgi-bin/fecimg/?C00570945","","ELISE M STEFANIK","$29,050.00","$28,729.80","$8,820.23","2016-02-29"
"C00572123","EAGLE PAC","http://docquery.fec.gov/cgi-bin/fecimg/?C00572123","","ROBERT DOLD","$90,944.60","$32,081.90","$58,862.74","2016-02-29"
"C00467837","EDPAC","http://docquery.fec.gov/cgi-bin/fecimg/?C00467837","PERLMUTTER, ED","PERLMUTTER","$101,000.00","$99,779.00","$20,068.78","2015-12-31"
"C00571430","EFFECTIVE LEADERSHIP ENHANCING COMMUNITIES TODAY - ELECT PAC","http://docquery.fec.gov/cgi-bin/fecimg/?C00571430","","ELIZABETH ESTY","$20,000.00",,"$20,000.00","2016-02-29"
"C00592089","ELECTING MAJORITY MAKING EFFECTIVE REPUBLICANS (EMMER PAC)","http://docquery.fec.gov/cgi-bin/fecimg/?C00592089","","",,,,"2015-12-31"
"C00477067","EMPIRE POLITICAL ACTION COMMITTEE","http://docquery.fec.gov/cgi-bin/fecimg/?C00477067","","KIRSTEN E. GILLIBRAND","$129,500.00","$236,365.10","$64,929.52","2016-02-29"
"C00426122","EMPOWERING EACH COMMUNITY PAC","http://docquery.fec.gov/cgi-bin/fecimg/?C00426122","","CONGRESSMAN ELIJAH CUMMINGS","$31,000.00","$11,170.10","$24,718.00","2015-12-31"
"C00390161","EUREKA POLITICAL ACTION COMMITTEE","http://docquery.fec.gov/cgi-bin/fecimg/?C00390161","CALVERT, KEN","CALVERT","$69,250.00","$86,856.10","$6,295.83","2016-02-29"
"C00576090","EVERGREEN PAC","http://docquery.fec.gov/cgi-bin/fecimg/?C00576090","","REP.  SUZAN  DELBENE","$13,020.00","$1,226.10","$11,793.86","2015-12-31"
"C00509174","EVERYBODY COUNTS EVERYBODY MATTERS PAC","http://docquery.fec.gov/cgi-bin/fecimg/?C00509174","","KEITH ELLISON",,"$170.00","$392.81","2015-12-31"
"C00541078","EXCELSIOR PAC","http://docquery.fec.gov/cgi-bin/fecimg/?C00541078","REED, THOMAS","REED","$82,626.40","$75,607.30","$49,749.71","2016-02-29"
"C00574970","FAIR SHOT PAC","http://docquery.fec.gov/cgi-bin/fecimg/?C00574970","","KATHERINE  CLARK","$42,000.00","$22,747.50","$19,252.50","2015-12-31"
"C00540955","FEARLESS PAC","http://docquery.fec.gov/cgi-bin/fecimg/?C00540955","JARED POLIS, JARED","JARED POLIS","$297,005.50","$258,974.70","$86,541.59","2015-12-31"
"C00520841","FIGHTIN' NINTH POLITICAL ACTION COMMITTEE","http://docquery.fec.gov/cgi-bin/fecimg/?C00520841","","H MORGAN GRIFFITH","$30,500.00","$29,991.30","$13,592.08","2015-12-31"
"C00528075","FIRST CAPITAL PAC","http://docquery.fec.gov/cgi-bin/fecimg/?C00528075","PERRY, SCOTT","PERRY","$1.00",,"$1,315.72","2015-12-31"
"C00540146","FIRST IN FREEDOM PAC","http://docquery.fec.gov/cgi-bin/fecimg/?C00540146","HUDSON, RICHARD","HUDSON","$99,947.80","$95,835.50","$47,205.53","2016-02-29"
"C00363648","FIRST STATE PAC","http://docquery.fec.gov/cgi-bin/fecimg/?C00363648","CARPER, THOMAS","","$340,132.90","$333,145.70","$93,649.03","2016-02-29"
"C00479253","FIRST TEAM PAC","http://docquery.fec.gov/cgi-bin/fecimg/?C00479253","","ROONEY","$24,750.00","$35,725.70","$13,469.73","2016-02-29"
"C00432930","FISCAL LEADERSHIP AND KNOWING ECONOMICS PAC","http://docquery.fec.gov/cgi-bin/fecimg/?C00432930","","FLAKE VICTORY COMMITTEE","$125,500.00","$123,757.80","$38,378.32","2015-12-31"
"C00450247","FLORIDA DELIVERS LEADERSHIP PAC","http://docquery.fec.gov/cgi-bin/fecimg/?C00450247","BROWN, CORRINE","BROWN","$10,500.00","$24,594.60","$4,333.12","2015-12-31"
"C00527911","FLORIDA FORUM FOR SOCIAL JUSTICE","http://docquery.fec.gov/cgi-bin/fecimg/?C00527911","","NICHOLAS RUIZ III",,,,""
"C00431874","FOLLOW THE NORTH STAR FUND","http://docquery.fec.gov/cgi-bin/fecimg/?C00431874","KLOBUCHAR, AMY J","","$253,225.00","$302,890.40","$30,065.29","2016-02-29"
"C00409672","FOR AMERICAS REPUBLICAN MAJORITY PAC (FARM PAC)","http://docquery.fec.gov/cgi-bin/fecimg/?C00409672","","IOWANS FOR LATHAM",,"$78.60",,"2015-02-19"
"C00426494","FOR OUR REPUBLIC'S TRADITIONS FUND AKA FORT FUND","http://docquery.fec.gov/cgi-bin/fecimg/?C00426494","","JEFF FORTENBERRY","$25,000.00","$20,001.00","$5,312.76","2016-02-29"
"C00447557","FORGING THE FUTURE FUND","http://docquery.fec.gov/cgi-bin/fecimg/?C00447557","","",,,,"2015-02-20"
"C00412791","FORWARD TOGETHER PAC","http://docquery.fec.gov/cgi-bin/fecimg/?C00412791","WARNER, MARK","WARNER","$669,642.10","$594,714.80","$246,241.08","2016-02-29"
"C00571943","FOSTERING PROGRESS PAC","http://docquery.fec.gov/cgi-bin/fecimg/?C00571943","","G WILLIAM (BILL) FOSTER","$63,500.00","$29,896.00","$33,604.04","2016-02-29"
"C00455717","FREE STATE PAC","http://docquery.fec.gov/cgi-bin/fecimg/?C00455717","MORAN, JERRY","MORAN","$358,317.60","$299,845.20","$130,241.38","2015-12-31"
"C00571521","FREEDOM 21: FIGHTING FOR FREEDOM IN THE 21ST CENTURY","http://docquery.fec.gov/cgi-bin/fecimg/?C00571521","STEWART, CHRIS","STEWART","$10,100.00","$2,591.50","$7,508.48","2015-12-31"
"C00437061","FREEDOM AND SECURITY PAC","http://docquery.fec.gov/cgi-bin/fecimg/?C00437061","","JOHN P. KLINE","$159,812.40","$133,008.30","$32,410.18","2016-02-29"
"C00390674","FREEDOM FUND","http://docquery.fec.gov/cgi-bin/fecimg/?C00390674","CRAPO, MICHAEL","CRAPO","$269,236.50","$333,371.50","$933,456.86","2016-02-29"
"C00491910","FREEDOM MATTERS PAC","http://docquery.fec.gov/cgi-bin/fecimg/?C00491910","OLSON, PETER","OLSON","$10,000.00","$5,281.80","$10,419.83","2016-02-29"
"C00482703","FREEDOM PAC","http://docquery.fec.gov/cgi-bin/fecimg/?C00482703","HICE, JODY","HICE",,,,"2016-02-29"
"C00305805","FREEDOM PROJECT; THE","http://docquery.fec.gov/cgi-bin/fecimg/?C00305805","","BOEHNER FOR SPEAKER","$1,457,502.00","$1,347,141.80","$1,001,021.33","2016-02-29"
"C00593095","FRIENDS OF JOSH LAROSE SENATORIAL LEADERSHIP PAC","http://docquery.fec.gov/cgi-bin/fecimg/?C00593095","","JOSH  LAROSE",,,,"2015-12-31"
"C00593244","FRIENDS OF VALENCIA ST LOUIS LAROSE CONGRESSIONAL LEADERSHIP PAC","http://docquery.fec.gov/cgi-bin/fecimg/?C00593244","","",,,,"2015-12-31"
"C00541128","FULL HOUSE PAC","http://docquery.fec.gov/cgi-bin/fecimg/?C00541128","","JOE HECK","$104,833.20","$102,357.40","$41,916.83","2016-02-29"
"C00326082","FUND FOR A CONSERVATIVE FUTURE","http://docquery.fec.gov/cgi-bin/fecimg/?C00326082","INHOFE, SEN JAMES M","INHOFE","$426,010.00","$306,590.50","$143,451.01","2016-02-29"
"C00388934","FUND FOR AMERICAS FUTURE","http://docquery.fec.gov/cgi-bin/fecimg/?C00388934","","SEN. LINDSEY GRAHAM","$227,244.10","$149,377.40","$110,080.64","2016-02-29"
"C00433219","FUND FOR THE MAJORITY PAC","http://docquery.fec.gov/cgi-bin/fecimg/?C00433219","FEINSTEIN, DIANNE","FEINSTEIN","$160,896.40","$170,662.30","$42,280.53","2016-02-29"
"C00489906","FUNDING DEVELOPING LEADERSHIP POLITICAL ACTION COMMITTEE AKA FDL PAC","http://docquery.fec.gov/cgi-bin/fecimg/?C00489906","","FRANK D LUCAS","$55,500.00","$49,185.50","$56,497.69","2016-02-29"
"C00504365","FUNDING REPUBLICANS SUPPORTING OPPORTUNITY AND GROWTH - JUMP POLITICAL ACTION COMMITTEE","http://docquery.fec.gov/cgi-bin/fecimg/?C00504365","","STEPHEN FINCHER","$42,500.00","$32,081.40","$24,571.73","2016-02-29"
"C00269407","FUTURE LEADERS POLITICAL ACTION COMMITTEE","http://docquery.fec.gov/cgi-bin/fecimg/?C00269407","LEWIS, JERRY","LEWIS",,"$12,286.80","$14,275.63","2016-02-29"
"C00490235","GEORGIA PAC","http://docquery.fec.gov/cgi-bin/fecimg/?C00490235","GRAVES, JOHN","GRAVES","$111,813.10","$94,911.30","$27,328.96","2016-02-29"
"C00571182","GETTING STUFF DONE PAC (GSD-PAC)","http://docquery.fec.gov/cgi-bin/fecimg/?C00571182","","KYRSTEN SINEMA","$56,000.00","$28,215.10","$27,784.92","2015-12-31"
"C00516021","GETTING US INVOLVED NOW, TRANSITIONING AMERICA PAC (GUINTA PAC)","http://docquery.fec.gov/cgi-bin/fecimg/?C00516021","GUINTA, FRANK","GUINTA","$12,000.00","$2,420.00","$9,969.13","2016-02-29"
"C00613364","GIVE ME LIBERTY PAC","http://docquery.fec.gov/cgi-bin/fecimg/?C00613364","","DANA  ROHRABACHER",,,,""
"C00531517","GIVING US SECURITY POLITICAL ACTION COMMITTEE (GUS PAC)","http://docquery.fec.gov/cgi-bin/fecimg/?C00531517","","GUS MICHAEL BILIRAKIS","$11,500.00","$5,796.40","$15,142.19","2016-02-29"
"C00431478","GIVING WILLINGLY EMPOWERING NATIONALLY (GWEN) PAC","http://docquery.fec.gov/cgi-bin/fecimg/?C00431478","MOORE, GWEN","MOORE","$97,588.80","$90,504.80","$12,806.72","2015-12-31"
"C00353953","GLACIER PAC","http://docquery.fec.gov/cgi-bin/fecimg/?C00353953","","SENATOR MAX BAUCUS",,"$4,626.50",,"2015-06-30"
"C00523639","GOLDEN STATE LEADERSHIP PAC","http://docquery.fec.gov/cgi-bin/fecimg/?C00523639","STRICKLAND, ANTHONY A","STRICKLAND",,,"$750.00","2015-12-31"
"C00543116","GOOD FRIENDS PAC","http://docquery.fec.gov/cgi-bin/fecimg/?C00543116","BONAMICI, SUZANNE","BONAMICI",,"$1,000.00","$2,261.40","2016-02-29"
"C00409185","GOOD FUND, THE","http://docquery.fec.gov/cgi-bin/fecimg/?C00409185","GOODLATTE, ROBERT","GOODLATTE","$303,151.10","$349,898.90","$81,557.93","2016-02-29"
"C00317479","GOOD GOVERNMENT FOR AMERICA COMMITTEE","http://docquery.fec.gov/cgi-bin/fecimg/?C00317479","","",,"$5,526.50",,"2015-04-04"
"C00448191","GOP GENERATION Y FUND","http://docquery.fec.gov/cgi-bin/fecimg/?C00448191","SCHOCK, AARON","SCHOCK","$114,578.60","$77,803.90","$73,060.72","2016-02-29"
"C00491472","GRANITE OATH PAC","http://docquery.fec.gov/cgi-bin/fecimg/?C00491472","","OVIDE M LAMONTAGNG",,,"$2,273.00","2015-12-31"
"C00497677","GRASS ROOTS INITIATIVE TO MAINTAIN OUR MAJORITY POLITICAL ACTION COMMITTEE A/K/A/GRIMM PAC","http://docquery.fec.gov/cgi-bin/fecimg/?C00497677","GRIMM, MICHAEL","GRIMM",,"$15,171.10",,"2015-01-30"
"C00381996","GRASSROOTS ORGANIZING ACTING & LEADING PAC - GOALPAC","http://docquery.fec.gov/cgi-bin/fecimg/?C00381996","LEVIN, SANDER","","$203,250.00","$180,069.80","$25,635.08","2016-02-29"
"C00432104","GREAT AMERICAN FUND","http://docquery.fec.gov/cgi-bin/fecimg/?C00432104","BOREN, DAVID DANIEL","BOREN","$5,000.00","$2,722.20","$51,352.08","2016-02-29"
"C00375584","GREAT LAKES PAC","http://docquery.fec.gov/cgi-bin/fecimg/?C00375584","STABENOW, DEBBIE","STABENOW","$384,075.00","$486,838.30","$20,523.23","2016-02-29"
"C00457747","GREAT LAND PAC","http://docquery.fec.gov/cgi-bin/fecimg/?C00457747","","","$5,000.00","$77,132.50",,"2015-06-30"
"C00452748","GREATER OPPORTUNITIES FOR LEADERSHIP DEVELOPMENT (GOLD PAC)","http://docquery.fec.gov/cgi-bin/fecimg/?C00452748","BISHOP, SANFORD","BISHOP","$32,500.00","$11,887.20","$22,309.60","2016-02-29"
"C00526715","GREATER TOMORROW POLITICAL ACTION COMMITTEE","http://docquery.fec.gov/cgi-bin/fecimg/?C00526715","","GLENN THOMPSON","$31,850.20","$25,382.70","$8,266.49","2015-12-31"
"C00409110","GREEN MOUNTAIN PAC","http://docquery.fec.gov/cgi-bin/fecimg/?C00409110","","LEAHY GREEN MOUNTAIN COMMITTEE","$272,490.20","$276,687.60","$38,889.51","2015-12-31"
"C00455980","GREGGPAC","http://docquery.fec.gov/cgi-bin/fecimg/?C00455980","HARPER, GREGG","HARPER","$52,320.00","$47,180.00","$6,216.96","2015-12-31"
"C00528596","GROW OUR HOUSE PAC","http://docquery.fec.gov/cgi-bin/fecimg/?C00528596","","","$61,321.00","$52,114.20","$12,936.87","2015-12-31"
"C00388793","GROWTH AND PROSPERITY POLITICAL ACTION COMMITTEE","http://docquery.fec.gov/cgi-bin/fecimg/?C00388793","","SPENCER BACHUS",,,,""
"C00481978","GUTS POLITICAL ACTION COMMITTEE A/K/A TRUE BLUE DEMOCRATS","http://docquery.fec.gov/cgi-bin/fecimg/?C00481978","GRAYSON, ALAN MARK","GRAYSON","$30,035.70","$20,599.10","$9,719.78","2016-02-29"
"C00464644","HARRIS COUNTY CONSERVATIVE CONGRESSIONAL CAMPAIGN","http://docquery.fec.gov/cgi-bin/fecimg/?C00464644","","FAULK FOR CONGRESS",,,,""
"C00415869","HARVEST PAC","http://docquery.fec.gov/cgi-bin/fecimg/?C00415869","","","$25,000.00","$11,894.30","$14,203.95","2016-02-29"
"C00605212","HAVING UNWAVERING RESOLVE AND DETERMINATION PAC","http://docquery.fec.gov/cgi-bin/fecimg/?C00605212","HURD, WILLIAM","HURD",,,,""
"C00567693","HAWAII PAC","http://docquery.fec.gov/cgi-bin/fecimg/?C00567693","SCHATZ, BRIAN","SCHATZ","$178,290.10","$145,922.70","$36,188.62","2016-02-29"
"C00588806","HEALTH PAC","http://docquery.fec.gov/cgi-bin/fecimg/?C00588806","","DR.  DENA  MARIE  MINNING  MD","$10,000.00","$5,197.50","$4,802.50","2016-01-31"
"C00528414","HEALTHCARE FREEDOM FUND","http://docquery.fec.gov/cgi-bin/fecimg/?C00528414","","DAVID PHILLIP DR ROE","$262,600.00","$303,555.20","$35,289.22","2015-12-31"
"C00342386","HEART PAC","http://docquery.fec.gov/cgi-bin/fecimg/?C00342386","","","$33.00","$2,211.00","$4,195.63","2015-12-31"
"C00523381","HEARTDOCPAC","http://docquery.fec.gov/cgi-bin/fecimg/?C00523381","","LARRY D BUCSHON","$25,000.00","$16,271.30","$10,013.89","2015-12-31"
"C00409003","HEARTLAND VALUES PAC","http://docquery.fec.gov/cgi-bin/fecimg/?C00409003","","JOHN R THUNE","$653,333.50","$496,466.50","$687,229.14","2015-12-31"
"C00548792","HECK PAC","http://docquery.fec.gov/cgi-bin/fecimg/?C00548792","HECK, DENNIS","HECK","$55,000.00","$52,000.30","$15,590.38","2016-02-29"
"C00471607","HELLERHIGHWATER PAC","http://docquery.fec.gov/cgi-bin/fecimg/?C00471607","","DEAN HELLER","$486,578.20","$370,470.60","$158,657.95","2016-02-29"
"C00376038","HELP AMERICA'S LEADERS POLITICAL ACTION COMMITTEE (HALPAC)","http://docquery.fec.gov/cgi-bin/fecimg/?C00376038","ROGERS, HAROLD","ROGERS","$385,398.20","$329,126.70","$295,038.48","2016-02-29"
"C00442467","HELPING ENSURE RESPONSIBLE GOVERNMENT BY ELECTING REPUBLICANS (H.E.R.G.E.R. PAC)","http://docquery.fec.gov/cgi-bin/fecimg/?C00442467","","H.E.R.G.E.R. PAC #2","$8.50","$2,499.10","$40,947.75","2015-12-31"
"C00405290","HOLD THE CENTER PAC","http://docquery.fec.gov/cgi-bin/fecimg/?C00405290","","BIG EASY COMMITTEE","$53,500.00","$108,977.30","$4,926.97","2016-02-29"
"C00392738","HOLDING ONTO OREGON'S PRIORITIES","http://docquery.fec.gov/cgi-bin/fecimg/?C00392738","","WYDEN FOR OREGON","$477,928.30","$454,976.10","$145,102.23","2015-12-31"
"C00492082","HOOSIERS FIRST PAC","http://docquery.fec.gov/cgi-bin/fecimg/?C00492082","","JOSEPH DONNELLY","$245,100.00","$242,512.80","$83,437.49","2016-02-29"
"C00326439","HOUSE CONSERVATIVES FUND","http://docquery.fec.gov/cgi-bin/fecimg/?C00326439","WILLIAMS, ROGER","WILLIAMS","$279,243.10","$305,878.40","$67,136.43","2016-02-29"
"C00542100","HOUSE LIBERTY FUND","http://docquery.fec.gov/cgi-bin/fecimg/?C00542100","","JAMES JORDAN","$45.30","$60,155.00",,"2015-03-31"
"C00321596","HOUSE MAJORITY FUND","http://docquery.fec.gov/cgi-bin/fecimg/?C00321596","LEWIS, JOHN","LEWIS","$8,000.00","$17,000.00","$8,462.11","2016-02-29"
"C00495911","HPAC","http://docquery.fec.gov/cgi-bin/fecimg/?C00495911","HUNTSMAN, JON","HUNTSMAN","$9,500.00","$11,091.10",,"2015-06-30"
"C00512541","HUDSON VALLEY FUTURE FUND","http://docquery.fec.gov/cgi-bin/fecimg/?C00512541","HAYWORTH, NAN","HAYWORTH",,"$2,700.00","$491.11","2015-12-31"
"C00549014","HUDSON VALLEY PAC","http://docquery.fec.gov/cgi-bin/fecimg/?C00549014","MALONEY, SEAN","MALONEY","$23,631.60","$23,180.00","$5,490.67","2016-02-29"
"C00464727","HUSKY PAC","http://docquery.fec.gov/cgi-bin/fecimg/?C00464727","","JOE COURTNEY","$72,500.00","$37,084.00","$40,748.35","2015-12-31"
"C00455840","I-PAC","http://docquery.fec.gov/cgi-bin/fecimg/?C00455840","LOEBSACK, DAVID","","$15,000.00","$5,400.00","$13,686.69","2015-12-31"
"C00484667","ICE PAC","http://docquery.fec.gov/cgi-bin/fecimg/?C00484667","","FRIENDS OF ERIK PAULSEN","$119,898.50","$50,448.70","$78,634.49","2015-12-31"
"C00544270","IDAHO CONSERVATIVE GROWTH FUND","http://docquery.fec.gov/cgi-bin/fecimg/?C00544270","","MICHAEL D CRAPO","$44,300.00","$29,373.90","$37,185.29","2016-02-29"
"C00588277","IGNITE OKLAHOMA PAC","http://docquery.fec.gov/cgi-bin/fecimg/?C00588277","","DAVID  LEWIS",,,,"2015-12-31"
"C00530816","IMMIGRATION REFORM FUND","http://docquery.fec.gov/cgi-bin/fecimg/?C00530816","GUTIERREZ, LUIS V.","GUTIERREZ","$107,300.00","$39,508.30","$351,776.65","2015-12-31"
"C00348607","IMPACT","http://docquery.fec.gov/cgi-bin/fecimg/?C00348607","","CHARLES E. SCHUMER","$741,503.00","$633,396.00","$192,861.43","2016-02-29"
"C00525238","IMPACT COMMITTEE","http://docquery.fec.gov/cgi-bin/fecimg/?C00525238","TURNER, REP MICHAEL R","TURNER","$53,103.80","$63,059.10","$12,952.71","2016-02-29"
"C00380675","INDIVIDUALS DEDICATED TO ETHICS AND SCIENCE PAC","http://docquery.fec.gov/cgi-bin/fecimg/?C00380675","DEGETTE, DIANA","","$46,895.90","$28,055.60","$21,587.79","2015-12-31"
"C00547356","INLAND EMPIRE STRIKES PAC; THE","http://docquery.fec.gov/cgi-bin/fecimg/?C00547356","","MARK TAKANO","$25,760.50","$24,088.00","$2,050.05","2015-12-31"
"C00589606","INNOVATE PAC","http://docquery.fec.gov/cgi-bin/fecimg/?C00589606","","MARK DESAULNIER","$2,020.00",,"$2,020.00","2015-12-31"
"C00371088","INTERACTIVE CORP POLITICAL ACTION COMMITTEE AKA IACPAC","http://docquery.fec.gov/cgi-bin/fecimg/?C00371088","","",,"$13,936.10","$71,829.48","2015-12-31"
"C00450320","INVEST IN A STRONG AND SECURE AMERICA - ISSA PAC","http://docquery.fec.gov/cgi-bin/fecimg/?C00450320","","DARRELL ISSA","$146,249.50","$79,532.80","$273,587.86","2015-12-31"
"C00402982","IRL PAC","http://docquery.fec.gov/cgi-bin/fecimg/?C00402982","ROS-LEHTINEN, ILEANA","ROS-LEHTINEN","$250.20","$46,646.00","$8,003.95","2015-12-31"
"C00489112","JEFF PAC","http://docquery.fec.gov/cgi-bin/fecimg/?C00489112","","JEFF DENHAM","$217,382.60","$226,014.90","$126,234.65","2016-02-29"
"C00363317","JERRY'S POLITICAL ACTION COMMITTEE (JERRY'S PAC)","http://docquery.fec.gov/cgi-bin/fecimg/?C00363317","","NADLER FOR CONGRESS - REP. JERROLD NADLER","$60,700.00","$51,503.60","$27,717.11","2016-02-29"
"C00536540","JOBS GROWTH AND FREEDOM FUND","http://docquery.fec.gov/cgi-bin/fecimg/?C00536540","CRUZ, RAFAEL EDWARD TED","CRUZ","$234,421.30","$327,931.00","$37,599.91","2016-02-29"
"C00567495","JOBS UNITE LABOR AND INDUSTRY IN AMERICA PAC (JULIA PAC)","http://docquery.fec.gov/cgi-bin/fecimg/?C00567495","","JULIA BROWNLEY","$20,000.00","$1,458.60","$18,801.67","2015-12-31"
"C00420695","JOBS, ECONOMY AND BUDGET FUND (JEB FUND)","http://docquery.fec.gov/cgi-bin/fecimg/?C00420695","","REPUBLICAN LEADERSHIP COMMITTEE 2011","$498,500.00","$438,712.50","$105,921.22","2016-02-29"
"C00516724","JOBS, ENERGY AND OUR FOUNDING FATHERS PAC-JEFF PAC","http://docquery.fec.gov/cgi-bin/fecimg/?C00516724","","JEFF DUNCAN","$15,000.00","$9,160.20","$10,158.67","2016-02-24"
"C00362384","JOBS, OPPORTUNITIES AND EDUCATION PAC (JOE-PAC)","http://docquery.fec.gov/cgi-bin/fecimg/?C00362384","CROWLEY, JOSEPH","CROWLEY","$535,080.80","$473,706.00","$160,333.67","2016-02-29"
"C00566851","JOBS, OPPORTUNITY AND NEW IDEAS PAC","http://docquery.fec.gov/cgi-bin/fecimg/?C00566851","","JONI ERNST","$731,226.70","$729,415.90","$14,622.26","2015-12-31"
"C00390831","JOHN S FUND","http://docquery.fec.gov/cgi-bin/fecimg/?C00390831","SHIMKUS, JOHN","SHIMKUS","$205,400.00","$207,100.00","$21,831.96","2016-02-29"
"C00571851","JOINING TO ELEVATE THE TRUTH PAC (JETT PAC)","http://docquery.fec.gov/cgi-bin/fecimg/?C00571851","","JAMES F. BRIDENSTINE","$4,800.00","$3,301.00","$1,499.02","2015-12-31"
"C00582726","JUMP INTO ACTION FOR CONSERVATIVES TO KEEP OUR IDEAS ELEVATED PAC","http://docquery.fec.gov/cgi-bin/fecimg/?C00582726","","JACKIE  WALORSKI SWIHART","$48,300.00","$45,535.00","$2,765.00","2015-12-31"
"C00455832","JUST PERMANENT INTERESTS POLITICAL ACTION COMMITTEE","http://docquery.fec.gov/cgi-bin/fecimg/?C00455832","","","$21,500.00","$21,000.00","$8,500.00","2015-12-31"
"C00608505","JUSTICE OPPORTUNITY STRENGTH HONOR PAC (JOSHPAC)","http://docquery.fec.gov/cgi-bin/fecimg/?C00608505","","JOSH MANDEL",,,,""
"C00525717","JUSTINPAC","http://docquery.fec.gov/cgi-bin/fecimg/?C00525717","","JUSTIN AMASH","$15,000.00","$12,381.30","$10,366.85","2016-02-29"
"C00412312","KANSAFORNIAN PAC","http://docquery.fec.gov/cgi-bin/fecimg/?C00412312","","","$2,321.20","$3,845.10","$195,237.93","2015-12-31"
"C00524603","KEEPING AMERICA ROLLING PAC","http://docquery.fec.gov/cgi-bin/fecimg/?C00524603","KELLY, GEORGE J JR J. JR.","KELLY","$71,600.00","$67,124.10","$39,841.87","2015-12-31"
"C00493809","KEEPING REPUBLICAN IDEAS STRONG TIMELY AND INVENTIVE (KRISTI PAC)","http://docquery.fec.gov/cgi-bin/fecimg/?C00493809","","KRISTI LYNN NOEM","$55,494.30","$58,522.50","$15,424.29","2015-12-31"
"C00493411","KELLY PAC","http://docquery.fec.gov/cgi-bin/fecimg/?C00493411","","KELLY VICTORY FUND","$442,092.60","$405,700.50","$104,496.34","2016-02-29"
"C00594473","KEN PAC","http://docquery.fec.gov/cgi-bin/fecimg/?C00594473","","KENNY MARCHANT","$3,750.00","$70.50","$3,679.46","2015-12-31"
"C00417717","KENTUCKY FORWARD PAC","http://docquery.fec.gov/cgi-bin/fecimg/?C00417717","","BEN CHANDLER",,"$4,867.40","$13,342.00","2015-12-31"
"C00439992","KEYSTONE AMERICA PAC","http://docquery.fec.gov/cgi-bin/fecimg/?C00439992","","KEYSTONE VICTORY FUND","$229,929.40","$242,011.10","$26,968.22","2016-02-29"
"C00574798","KEYSTONE LEADERSHIP PAC","http://docquery.fec.gov/cgi-bin/fecimg/?C00574798","FITZPATRICK, MICHAEL","FITZPATRICK","$21,806.00","$7,953.90","$13,852.11","2015-12-31"
"C00365551","KPAC","http://docquery.fec.gov/cgi-bin/fecimg/?C00365551","HUTCHISON, KAY BAILEY","HUTCHISON","$1,000.00","$15,571.10","$17,237.16","2015-12-31"
"C00095059","L.A. P.A.C.","http://docquery.fec.gov/cgi-bin/fecimg/?C00095059","WAXMAN, HENRY","","$212.00","$6,107.70","$53,556.44","2016-03-31"
"C00607721","LAND OF OPPORTUNITY PAC","http://docquery.fec.gov/cgi-bin/fecimg/?C00607721","","MR.  BRUCE  WESTERMAN",,,,""
"C00492058","LANK PAC","http://docquery.fec.gov/cgi-bin/fecimg/?C00492058","","","$145,305.00","$99,791.40","$120,559.85","2015-12-31"
"C00576975","LATINO LEADERS FOR EQUALITY GROWTH OPPORTUNITY PROGRESSIVE ACTION & CHANGE (LLEGO-PAC)","http://docquery.fec.gov/cgi-bin/fecimg/?C00576975","","RUBEN GALLEGO","$35,350.00","$11,561.10","$23,788.92","2016-02-29"
"C00491043","LEAD YOUR  NATION NOW PAC  (LYNN PAC)","http://docquery.fec.gov/cgi-bin/fecimg/?C00491043","JENKINS, LYNN","JENKINS","$160,848.50","$146,813.80","$32,896.16","2015-12-31"
"C00564369","LEADERS ONLY UNITE POLITICAL ACTION COMMITTEE AKA LOU PAC","http://docquery.fec.gov/cgi-bin/fecimg/?C00564369","","LOU BARLETTA","$45,047.00","$47,235.20","$2,241.67","2016-02-29"
"C00485540","LEADERSHIP FOR AMERICA TODAY TOMORROW AND ALWAYS PAC","http://docquery.fec.gov/cgi-bin/fecimg/?C00485540","LATTA, ROBERT","LATTA","$20,000.00","$21,783.00","$10,371.33","2016-02-24"
"C00342378","LEADERSHIP FOR AMERICA'S FUTURE PAC (LEAD PAC)","http://docquery.fec.gov/cgi-bin/fecimg/?C00342378","SHADEGG, JOHN B.","",,,,""
"C00456913","LEADERSHIP FOR AMERICAN OPPORTUNITY","http://docquery.fec.gov/cgi-bin/fecimg/?C00456913","FATTAH, CHAKA","FATTAH",,"$11,765.00","$78.91","2015-12-31"
"C00299149","LEADERSHIP FOR TODAY AND TOMORROW","http://docquery.fec.gov/cgi-bin/fecimg/?C00299149","","XAVIER BACERRA","$283,458.50","$206,781.90","$111,527.74","2016-02-29"
"C00366179","LEADERSHIP IN THE NEW CENTURY (LINCPAC)","http://docquery.fec.gov/cgi-bin/fecimg/?C00366179","","","$6.70",,"$559.55","2015-12-31"
"C00530774","LEADERSHIP RESPONSIBILITY AND ACTION PAC AKA LRA PAC","http://docquery.fec.gov/cgi-bin/fecimg/?C00530774","ROYBAL-ALLARD, LUCILLE","ROYBAL-ALLARD","$5,000.00","$1,000.00","$8,210.11","2016-02-29"
"C00589309","LEADERSHIP, INTEGRITY, ENGAGEMENT, UNITY PAC","http://docquery.fec.gov/cgi-bin/fecimg/?C00589309","","TED LIEU","$15,000.00",,"$15,000.00","2015-12-31"
"C00345124","LEADING ORANGE COUNTY PAC","http://docquery.fec.gov/cgi-bin/fecimg/?C00345124","SANCHEZ, LORETTA","SANCHEZ","$44,000.00","$18,229.80","$26,203.14","2015-12-31"
"C00573626","LEE PAC","http://docquery.fec.gov/cgi-bin/fecimg/?C00573626","","MR  LEE  M  ZELDIN","$33,200.00","$8,138.30","$25,061.72","2015-12-31"
"C00385534","LEGPAC","http://docquery.fec.gov/cgi-bin/fecimg/?C00385534","CARDIN, BENJAMIN L","CARDIN","$158,906.70","$131,598.70","$78,863.99","2015-12-31"
"C00588749","LET TEXANS RUN TEXAS PAC","http://docquery.fec.gov/cgi-bin/fecimg/?C00588749","","HON.  JOHN  CULBERSON","$2,000.00","$44.10","$1,955.90","2015-12-31"
"C00492538","LIBERTY & PROSPERITY PAC","http://docquery.fec.gov/cgi-bin/fecimg/?C00492538","","RODNEY P. FRELINGHUYSEN","$119,325.00","$104,165.90","$24,241.12","2015-12-31"
"C00521310","LIBERTY FUND; THE","http://docquery.fec.gov/cgi-bin/fecimg/?C00521310","","","$5,500.00","$4,077.00","$11,359.92","2015-12-31"
"C00234641","LIBERTY PAC","http://docquery.fec.gov/cgi-bin/fecimg/?C00234641","PAUL, RON","","$15,581.80","$15,788.30","$2,012.48","2015-12-31"
"C00446625","LIBERTY PROJECT","http://docquery.fec.gov/cgi-bin/fecimg/?C00446625","","HONORABLE RANDY NEUGEBAUER","$120,500.00","$107,901.30","$63,974.91","2016-02-29"
"C00491241","LINCOLN PAC","http://docquery.fec.gov/cgi-bin/fecimg/?C00491241","","KIRK VICTORY COMMITTEE","$216,266.60","$229,801.70","$20,947.78","2016-02-29"
"C00426965","LIVABLE COMMUNITIES PAC","http://docquery.fec.gov/cgi-bin/fecimg/?C00426965","GRIJALVA, REP. RAUL M","GRIJALVA","$15,000.00","$6,563.50","$11,120.30","2015-12-31"
"C00497073","LOBO PAC","http://docquery.fec.gov/cgi-bin/fecimg/?C00497073","","SENATOR MARTIN HEINRICH","$353,867.90","$327,241.90","$33,489.42","2016-02-29"
"C00415208","LONE STAR LEADERSHIP PAC","http://docquery.fec.gov/cgi-bin/fecimg/?C00415208","","MICHAEL BURGESS","$250,240.10","$221,980.50","$128,031.80","2016-02-29"
"C00553347","LONE STAR VICTORY PAC","http://docquery.fec.gov/cgi-bin/fecimg/?C00553347","","PETE GALLEGO","$16.00","$3,718.40",,"2015-02-09"
"C00459305","LONG LEAF PINE PAC","http://docquery.fec.gov/cgi-bin/fecimg/?C00459305","","","$3,175.20","$58,105.10","$40,933.21","2016-02-29"
"C00402602","LONGHORN PAC","http://docquery.fec.gov/cgi-bin/fecimg/?C00402602","","LAMAR SMITH","$165,100.00","$142,839.00","$32,932.85","2016-02-29"
"C00486613","LOUISE'S PAC","http://docquery.fec.gov/cgi-bin/fecimg/?C00486613","SLAUGTHER, LOUISE","SLAUGTHER","$10,000.00","$14,292.00","$3,121.21","2015-12-31"
"C00409631","LOUISIANA REFORM PAC","http://docquery.fec.gov/cgi-bin/fecimg/?C00409631","","DAVID VITTER","$101,900.00","$94,006.10","$52,470.31","2015-12-31"
"C00466904","LOUISIANA VALUES PAC","http://docquery.fec.gov/cgi-bin/fecimg/?C00466904","FLEMING, JOHN","FLEMING","$56,136.80","$56,712.20","$23,063.66","2016-02-29"
"C00579516","LOWCOUNTRY PALMETTO PAC","http://docquery.fec.gov/cgi-bin/fecimg/?C00579516","","HONORABLE  MARK  SANFORD","$5,000.00",,"$5,000.00","2015-12-31"
"C00365270","M-PAC","http://docquery.fec.gov/cgi-bin/fecimg/?C00365270","","PATTY MURRAY","$391,233.30","$370,675.10","$69,461.21","2016-02-29"
"C00461251","MAC PAC","http://docquery.fec.gov/cgi-bin/fecimg/?C00461251","MCGOVERN, JAMES","MCGOVERN","$7,000.00","$9,042.50","$5,590.74","2015-12-31"
"C00426809","MADISON PAC; THE","http://docquery.fec.gov/cgi-bin/fecimg/?C00426809","NEAL, RICHARD E MR.","NEAL","$186,500.00","$85,972.20","$736,952.39","2015-12-31"
"C00590448","MAHALO PAC","http://docquery.fec.gov/cgi-bin/fecimg/?C00590448","","KYLE MARK  TAKAI","$13,500.00",,"$13,500.00","2016-02-29"
"C00343574","MAINSTREAM PAC","http://docquery.fec.gov/cgi-bin/fecimg/?C00343574","LOFGREN, ZOE","","$22,500.00","$1,349.40","$26,494.01","2015-12-31"
"C00565630","MAINTAINING ALL REPUBLICANS IN OFFICE PAC","http://docquery.fec.gov/cgi-bin/fecimg/?C00565630","","MARIO DIAZ-BALART","$17,000.00","$15,270.70","$14,968.01","2015-12-31"
"C00428052","MAJORITY COMMITTEE PAC--MC PAC","http://docquery.fec.gov/cgi-bin/fecimg/?C00428052","MCCARTHY, KEVIN","MCCARTHY","$2,271,269.90","$1,963,413.50","$933,108.85","2016-02-29"
"C00402909","MAJORITY IN CONGRESS PAC","http://docquery.fec.gov/cgi-bin/fecimg/?C00402909","MICA, JOHN","MICA","$15,000.00","$25,953.60","$10,976.05","2016-02-29"
"C00495705","MAKE IT IN AMERICA PAC","http://docquery.fec.gov/cgi-bin/fecimg/?C00495705","GARAMENDI, CONGRESSMAN JOHN","GARAMENDI","$26,590.00","$21,327.10","$12,995.31","2016-02-29"
"C00552539","MAKE IT WORK","http://docquery.fec.gov/cgi-bin/fecimg/?C00552539","","ANGUS KING","$44,000.00","$46,720.30","$2,452.56","2016-02-29"
"C00524611","MAKE OPPORTUNITY POLITICAL ACTION COMMITTEE","http://docquery.fec.gov/cgi-bin/fecimg/?C00524611","","MO BROOKS","$11,000.00","$12,225.00","$22,836.86","2015-12-31"
"C00562330","MAKING A REAL CHANGE - MARC PAC","http://docquery.fec.gov/cgi-bin/fecimg/?C00562330","","MARC ALLISON VEASEY","$17,500.00","$12,998.30","$8,275.68","2016-02-29"
"C00409276","MAKING A RESPONSIBLE STAND FOR HOUSEHOLDS IN AMERICA  (MARSHA PAC)","http://docquery.fec.gov/cgi-bin/fecimg/?C00409276","","MARSHA BLACKBURN","$103,600.00","$87,466.80","$59,156.35","2016-02-29"
"C00563429","MAKING A SENSIBLE SHIFT IN ELECTIONS (MASSIE PAC)","http://docquery.fec.gov/cgi-bin/fecimg/?C00563429","","THOMAS H MASSIE","$37,650.00","$23,682.70","$20,590.01","2015-12-31"
"C00555086","MAKING ACTIONS COUNT POLITICAL ACTION COMMITTEE (MACPAC)","http://docquery.fec.gov/cgi-bin/fecimg/?C00555086","MCALLISTER, VANCE MICHAEL","MCALLISTER","$500.00","$574.00","$744.94","2015-12-31"
"C00445379","MAKING AMERICA PROSPEROUS PAC","http://docquery.fec.gov/cgi-bin/fecimg/?C00445379","","BRADY VICTORY FUND","$430,350.00","$295,640.20","$171,428.37","2016-02-29"
"C00547448","MAKING AMERICANS COUNT PAC AKA MAC PAC","http://docquery.fec.gov/cgi-bin/fecimg/?C00547448","","MATT CARTWRIGHT","$17,500.00","$15,215.00","$16,385.26","2015-12-31"
"C00392134","MAKING BUSINESS EXCEL POLITICAL ACTION COMMITTEE","http://docquery.fec.gov/cgi-bin/fecimg/?C00392134","","ENZI FOR US SENATE","$298,662.30","$239,446.80","$92,919.39","2015-12-31"
"C00564658","MAKING INVESTMENTS MAJORITY INSURED PAC","http://docquery.fec.gov/cgi-bin/fecimg/?C00564658","","MIMI WALTERS","$72,661.70","$69,961.80","$7,551.11","2015-12-31"
"C00486738","MANY INDIVIDUAL CONSERVATIVES HELPING ELECT LEADERS EVERYWHERE (MICHELEPAC)","http://docquery.fec.gov/cgi-bin/fecimg/?C00486738","BACHMANN, MICHELE","BACHMANN","$138,954.30","$184,804.30","$32,523.50","2015-12-31"
"C00542621","MAPLE PAC","http://docquery.fec.gov/cgi-bin/fecimg/?C00542621","","PETER WELCH","$44,000.00","$25,718.70","$37,100.28","2015-12-31"
"C00502591","MARKETPLACE IDEAS AND CONSERVATIVE KNOWLEDGE PAC-MICK PAC","http://docquery.fec.gov/cgi-bin/fecimg/?C00502591","","JOHN MICHAEL 'MICK' MULVANEY","$22,500.00","$15,500.00","$17,593.30","2016-02-29"
"C00527309","MARTHA PAC","http://docquery.fec.gov/cgi-bin/fecimg/?C00527309","","REPRESENTATIVE MARTHA ROBY","$27,500.00","$6,675.00","$28,709.20","2015-12-31"
"C00332890","MARY BONO COMMITTEE","http://docquery.fec.gov/cgi-bin/fecimg/?C00332890","","","$.30","$6,934.00","$30,688.87","2015-12-31"
"C00365338","MARY'S POLITICAL ACTION COMMITTEE","http://docquery.fec.gov/cgi-bin/fecimg/?C00365338","BONO MACK, MARY","BONO MACK",,"$.30",,"2015-01-15"
"C00417295","MASS PAC","http://docquery.fec.gov/cgi-bin/fecimg/?C00417295","CAPUANO, MICHAEL E","","$35,500.00","$17,469.20","$39,047.21","2015-12-31"
"C00572438","MI14 PAC","http://docquery.fec.gov/cgi-bin/fecimg/?C00572438","LAWRENCE, BRENDA","LAWRENCE",,,,"2015-12-31"
"C00495317","MICHIGAN FIRST PAC","http://docquery.fec.gov/cgi-bin/fecimg/?C00495317","BENISHEK, DR. DANIEL J.","BENISHEK","$11,334.30","$12,639.30","$3,440.10","2015-12-31"
"C00502096","MICHIGAN'S FUTURE PAC","http://docquery.fec.gov/cgi-bin/fecimg/?C00502096","DAN KILDEE, DANEIL","DAN KILDEE","$37,500.00","$45,691.20","$1,324.69","2015-12-31"
"C00486860","MIDDLE CLASS AMERICA PAC","http://docquery.fec.gov/cgi-bin/fecimg/?C00486860","","DAN LIPINSKI FOR CONGRESS","$22,000.00","$13,000.00","$38,826.00","2015-12-31"
"C00345199","MIDNIGHT SUN POLITICAL ACTION COMMITTEE","http://docquery.fec.gov/cgi-bin/fecimg/?C00345199","YOUNG, DONALD","YOUNG","$32,343.30","$40,826.50","$8,674.19","2015-12-31"
"C00416131","MIDWEST VALUES PAC","http://docquery.fec.gov/cgi-bin/fecimg/?C00416131","FRANKEN, AL","FRANKEN","$1,551,821.70","$1,289,752.90","$319,967.06","2016-02-29"
"C00465112","MISSION PAC","http://docquery.fec.gov/cgi-bin/fecimg/?C00465112","","LOIS G CAPPS","$5,000.00","$12,018.40","$14,150.05","2015-12-31"
"C00431122","MISSOURIANS FOR ACCOUNTABILITY AND CHANGE (MACPAC)","http://docquery.fec.gov/cgi-bin/fecimg/?C00431122","MCCASKILL, CLAIRE","MCCASKILL","$170,700.00","$205,955.70","$22,057.35","2016-02-29"
"C00507640","MONADNOCK POLITICAL ACTION COMMITTEE","http://docquery.fec.gov/cgi-bin/fecimg/?C00507640","","",,"$4,635.00","$771.96","2015-12-31"
"C00540187","MORE CONSERVATIVES PAC (MCPAC)","http://docquery.fec.gov/cgi-bin/fecimg/?C00540187","MCHENRY, PATRICK TIMOTHY","MCHENRY","$618,499.30","$577,909.50","$139,587.40","2016-02-29"
"C00576355","MORMONS FOR DEMOCRATS","http://docquery.fec.gov/cgi-bin/fecimg/?C00576355","","JONATHAN  GATTO",,,,""
"C00375451","MOVING AMERICA FORWARD","http://docquery.fec.gov/cgi-bin/fecimg/?C00375451","NELSON, BILL","NELSON","$177,053.30","$167,134.90","$44,638.86","2015-12-31"
"C00593475","MOVING AMERICA'S REPUBLICANS INTO NUMBER ONE PAC","http://docquery.fec.gov/cgi-bin/fecimg/?C00593475","MARINO, THOMAS ANTHONY","MARINO","$1,500.00",,"$1,500.00","2015-12-31"
"C00563726","MR. SOUTHERN MISSOURIAN IN THE HOUSE PAC","http://docquery.fec.gov/cgi-bin/fecimg/?C00563726","SMITH, JASON","SMITH","$52,702.10","$63,330.70","$2,557.42","2015-12-31"
"C00459925","MURPHPAC","http://docquery.fec.gov/cgi-bin/fecimg/?C00459925","MURPHY, CHRISTOPHER","MURPHY","$244,574.60","$241,193.40","$32,277.73","2016-02-29"
"C00403592","NARRAGANSETT BAY PAC","http://docquery.fec.gov/cgi-bin/fecimg/?C00403592","","JOHN F. REED","$241,475.00","$246,899.00","$14,523.22","2016-02-29"
"C00302588","NATIONAL LEADERSHIP PAC","http://docquery.fec.gov/cgi-bin/fecimg/?C00302588","","CHARLES RANGEL","$9,500.00","$13,567.60","$22,305.29","2015-12-31"
"C00366419","NEBRASKA LEADERSHIP PAC","http://docquery.fec.gov/cgi-bin/fecimg/?C00366419","","E. BENJAMIN NELSON",,"$1,362.00","$39,793.28","2015-12-31"
"C00489831","NEW ECONOMY PAC","http://docquery.fec.gov/cgi-bin/fecimg/?C00489831","HIGGINS, BRIAN","HIGGINS","$11,000.00","$4,296.50","$16,381.35","2015-12-31"
"C00611400","NEW ENERGY IN WASHINGTON HOUSE PAC NEW HOUSE PAC","http://docquery.fec.gov/cgi-bin/fecimg/?C00611400","","DAN NEWHOUSE",,,,""
"C00566059","NEW ENERGY PAC","http://docquery.fec.gov/cgi-bin/fecimg/?C00566059","SWALWELL, ERIC MICHAEL","SWALWELL","$24,876.80","$48,128.10","$5,705.24","2016-02-29"
"C00391458","NEW JERSEY FIRST","http://docquery.fec.gov/cgi-bin/fecimg/?C00391458","LAUTENBERG, FRANK","LAUTENBERG 20 YEARS COMMITTEE",,"$24,046.20",,"2015-03-31"
"C00591461","NEW MEXICO WORKS PAC","http://docquery.fec.gov/cgi-bin/fecimg/?C00591461","","MICHELLE  LUJAN  GRISHAM","$46,980.00","$14,881.10","$32,098.87","2016-02-29"
"C00349233","NEW MILLENNIUM PAC","http://docquery.fec.gov/cgi-bin/fecimg/?C00349233","","ROBERT MENENDEZ","$106,600.00","$190,708.10","$57,683.39","2016-02-29"
"C00571570","NEW OPPORTUNITY FOR REAL MONUMENTAL ACTION (NORMA PAC)","http://docquery.fec.gov/cgi-bin/fecimg/?C00571570","","NORMA TORRES","$5,000.00",,"$5,000.00","2015-12-31"
"C00398750","NEW PAC","http://docquery.fec.gov/cgi-bin/fecimg/?C00398750","","NUNES VICTORY FUND","$314,037.30","$270,926.70","$233,702.81","2015-12-31"
"C00459123","NEW PIONEERS PAC","http://docquery.fec.gov/cgi-bin/fecimg/?C00459123","WALDEN, GREGORY P","WALDEN","$574,451.20","$447,379.10","$198,870.53","2016-02-29"
"C00452763","NEW SOUTH LEADERSHIP PAC","http://docquery.fec.gov/cgi-bin/fecimg/?C00452763","BUTTERFIELD, GK","BUTTERFIELD","$39,282.30","$54,415.60","$57,480.22","2015-12-31"
"C00375691","NEW VISION AMERICA FUND","http://docquery.fec.gov/cgi-bin/fecimg/?C00375691","HONDA, MIKE","HONDA","$29,500.00","$10,609.00","$23,495.13","2015-12-31"
"C00545236","NEW VOICE PAC","http://docquery.fec.gov/cgi-bin/fecimg/?C00545236","","UNITED STATES REPRESENTATIVE JOYCE BEATTY","$16,500.00","$9,169.00","$13,365.00","2016-02-24"
"C00413716","NEW YORK JOBS PAC","http://docquery.fec.gov/cgi-bin/fecimg/?C00413716","","STEVE ISRAEL","$175,000.00","$146,616.40","$49,071.26","2016-02-29"
"C00343947","NEXT CENTURY FUND","http://docquery.fec.gov/cgi-bin/fecimg/?C00343947","","RMF-NCF 2013 COMMITTEE","$335,467.20","$262,146.10","$331,437.54","2015-12-31"
"C00576249","NORCAL WATER JOBS LIBERTY PAC","http://docquery.fec.gov/cgi-bin/fecimg/?C00576249","","DOUG  LAMALFA","$3,750.00","$28.00","$3,722.00","2016-02-29"
"C00585554","NOVA POLITICAL ACTION COMMITTEE","http://docquery.fec.gov/cgi-bin/fecimg/?C00585554","","BARBARA  COMSTOCK","$19,500.00","$8,111.50","$11,388.52","2016-02-29"
"C00492983","NUTMEG PAC","http://docquery.fec.gov/cgi-bin/fecimg/?C00492983","BLUMENTHAL, RICHARD","BLUMENTHAL","$202,600.00","$241,657.80","$29,387.53","2016-02-29"
"C00397067","OCEAN STATE POLITICAL ACTION COMMITTEE (OSPAC)","http://docquery.fec.gov/cgi-bin/fecimg/?C00397067","LANGEVIN, JAMES R","LANGEVIN","$42,000.00","$23,609.60","$28,608.85","2015-12-31"
"C00431601","OCEANS PAC","http://docquery.fec.gov/cgi-bin/fecimg/?C00431601","WHITEHOUSE, SHELDON","WHITEHOUSE","$270,848.00","$262,492.70","$30,748.09","2016-02-29"
"C00424358","OCPAC","http://docquery.fec.gov/cgi-bin/fecimg/?C00424358","","JOHN CAMPBELL",,"$2,701.70",,"2015-03-11"
"C00356378","OHIO USA PAC","http://docquery.fec.gov/cgi-bin/fecimg/?C00356378","","BUCKEYE PAC","$12,629.50","$15,660.10","$50,804.64","2016-02-24"
"C00571208","ONE GEORGIA PAC","http://docquery.fec.gov/cgi-bin/fecimg/?C00571208","PERDUE, DAVID","PERDUE","$216,161.30","$164,612.80","$51,548.55","2016-02-29"
"C00403071","ONE VOICE","http://docquery.fec.gov/cgi-bin/fecimg/?C00403071","LEE, BARBARA","LEE","$6,000.00","$1,475.50","$5,674.30","2015-12-31"
"C00551853","OORAH! POLITICAL ACTION COMMITTEE","http://docquery.fec.gov/cgi-bin/fecimg/?C00551853","YOUNG, TODD","YOUNG","$30,648.50","$43,373.50","$36,066.36","2015-12-31"
"C00460972","OPPORTUNITY & RENEWAL PAC","http://docquery.fec.gov/cgi-bin/fecimg/?C00460972","MERKLEY, JEFFREY","MERKLEY","$235,934.50","$187,255.50","$50,233.98","2016-02-29"
"C00235572","OPPORTUNITY AND RESPONSIBILITY RESTORED IN OUR NATION PAC","http://docquery.fec.gov/cgi-bin/fecimg/?C00235572","HATCH, ORRIN G","HATCH","$934,844.10","$502,170.20","$1,072,637.29","2015-12-31"
"C00542175","PAC DESIGNED TO CONFUSE THE PUBLIC","http://docquery.fec.gov/cgi-bin/fecimg/?C00542175","","QUEWL LLC",,,,""
"C00342048","PAC FOR A CHANGE","http://docquery.fec.gov/cgi-bin/fecimg/?C00342048","","BARBARA BOXER","$533,272.30","$456,622.00","$275,223.24","2015-12-31"
"C00344234","PAC TO THE FUTURE","http://docquery.fec.gov/cgi-bin/fecimg/?C00344234","","NANCY PELOSI","$646,606.70","$512,318.60","$695,959.04","2016-02-29"
"C00562256","PARAGRAPH TWO PAC","http://docquery.fec.gov/cgi-bin/fecimg/?C00562256","","LUKE MESSER VICTORY FUND","$56,000.00","$45,835.00","$13,797.51","2015-12-31"
"C00580738","PATIENT'S RIGHT TO EXCELLENT MEDICINE","http://docquery.fec.gov/cgi-bin/fecimg/?C00580738","","MR.  HAROLD  THOMAS  BECK II",,,,""
"C00522318","PATRIOT POLITICAL ACTION COMMITTEE","http://docquery.fec.gov/cgi-bin/fecimg/?C00522318","","STEVEN PALAZZO","$20,000.00","$19,821.20","$15,045.17","2016-02-17"
"C00531590","PATRIOTS IN ACTION","http://docquery.fec.gov/cgi-bin/fecimg/?C00531590","WILLIAMS, ROGER","WILLIAMS",,"$5,149.50","$14,448.12","2016-02-10"
"C00526046","PATRIOTS LEADING A MAJORITY","http://docquery.fec.gov/cgi-bin/fecimg/?C00526046","","PATRICK L MEEHAN","$33,000.00","$40,292.20","$11,507.81","2015-12-31"
"C00585778","PAUL BERRY III LEADERSHIP PAC","http://docquery.fec.gov/cgi-bin/fecimg/?C00585778","","PAUL  L  BERRY  III",,,,""
"C00525824","PEACE THROUGH STRENGTH PAC","http://docquery.fec.gov/cgi-bin/fecimg/?C00525824","","DUNCAN D HUNTER","$43,000.00","$41,712.30","$60,690.91","2015-12-31"
"C00569921","PEACH PAC","http://docquery.fec.gov/cgi-bin/fecimg/?C00569921","COLLINS, DOUGLAS ALLEN","COLLINS","$10,000.00","$4,653.90","$6,334.11","2016-02-29"
"C00420919","PEAK PAC","http://docquery.fec.gov/cgi-bin/fecimg/?C00420919","","UDALL FOR COLORADO","$1,355.70","$66,389.60",,"2015-10-15"
"C00417584","PENGUIN PAC","http://docquery.fec.gov/cgi-bin/fecimg/?C00417584","","TIM RYAN","$31,600.00","$79,869.70","$6,899.85","2016-02-29"
"C00557850","PENINSULA PAC","http://docquery.fec.gov/cgi-bin/fecimg/?C00557850","","THE HONORABLE ANNA ESHOO","$30,000.00","$120,145.30",,"2016-01-13"
"C00363770","PEOPLE FOR ENTERPRISE TRADE AND ECONOMIC GROWTH (PETE PAC)","http://docquery.fec.gov/cgi-bin/fecimg/?C00363770","","AMERICAN VICTORY COMMITTEE","$260,500.00","$230,632.10","$55,251.94","2016-02-29"
"C00447581","PEOPLE HELPING ILLINOIS LEAD","http://docquery.fec.gov/cgi-bin/fecimg/?C00447581","","PHIL HARE",,"$1,674.60","$179.95","2015-12-31"
"C00248948","PEOPLE HELPING PEOPLE","http://docquery.fec.gov/cgi-bin/fecimg/?C00248948","WATERS, MAXINE","","$39,000.00","$28,538.40","$11,351.71","2015-12-31"
"C00410092","PEOPLE'S VOICE PAC","http://docquery.fec.gov/cgi-bin/fecimg/?C00410092","","TAMMY BALDWIN VICTORY COMMITTEE","$238,750.40","$223,221.90","$20,902.24","2015-12-31"
"C00544254","PERIMETER PAC","http://docquery.fec.gov/cgi-bin/fecimg/?C00544254","DUCKWORTH, TAMMY","DUCKWORTH","$19,916.10","$15,188.70","$6,687.82","2015-12-31"
"C00587832","PINE TREE PAC","http://docquery.fec.gov/cgi-bin/fecimg/?C00587832","","BRUCE  L  POLIQUIN","$25,000.00","$25.80","$24,974.25","2016-02-29"
"C00539601","PINEAPPLE PAC","http://docquery.fec.gov/cgi-bin/fecimg/?C00539601","HIRONO, MAZIE","HIRONO","$153,065.10","$130,238.20","$36,728.15","2016-02-29"
"C00452771","PIONEER PAC","http://docquery.fec.gov/cgi-bin/fecimg/?C00452771","","","$24,750.00","$22,493.40","$16,927.54","2015-12-31"
"C00325357","PIONEER POLITICAL ACTION COMMITTEE","http://docquery.fec.gov/cgi-bin/fecimg/?C00325357","TIBERI, PATRICK","TIBERI","$864,350.30","$572,390.80","$421,086.67","2016-02-29"
"C00402172","PITTSPAC","http://docquery.fec.gov/cgi-bin/fecimg/?C00402172","PITTS, JOSEPH","PITTS","$6,000.00","$18,528.90","$7,363.53","2015-12-31"
"C00602789","POLITICS AND THE DEAF","http://docquery.fec.gov/cgi-bin/fecimg/?C00602789","","MELVIN   L  PATTERSON",,,,""
"C00581892","PONDEROSA PAC","http://docquery.fec.gov/cgi-bin/fecimg/?C00581892","","MARK  E  AMODEI","$19,345.30","$7,393.90","$11,951.45","2016-03-31"
"C00579888","PRAGMATIC PROGRESSIVE PAC","http://docquery.fec.gov/cgi-bin/fecimg/?C00579888","","SHAWN  PATRICK  O'CONNOR","$5,000.00","$5,042.00","-$42.00","2015-12-31"
"C00347195","PRAIRIE POLITICAL ACTION COMMITTEE","http://docquery.fec.gov/cgi-bin/fecimg/?C00347195","","RICHARD J. DURBIN","$515,351.00","$450,002.40","$103,096.61","2016-02-29"
"C00557579","PRAIRIELAND PAC","http://docquery.fec.gov/cgi-bin/fecimg/?C00557579","","MICHAEL O JOHANNS",,,,""
"C00383869","PRESERVING AMERICA'S TRADITIONS (PATPAC)","http://docquery.fec.gov/cgi-bin/fecimg/?C00383869","ROBERTS, PAT","","$175,931.70","$232,550.70","$14,175.16","2016-02-29"
"C00388694","PRIORITY PAC","http://docquery.fec.gov/cgi-bin/fecimg/?C00388694","PRYOR, MARK","PRYOR","$17.20","$57,094.10",,"2015-12-10"
"C00351056","PROGRESS PAC","http://docquery.fec.gov/cgi-bin/fecimg/?C00351056","VELAZQUEZ, M.","VELAZQUEZ","$15,010.00","$7,000.40","$15,839.06","2016-02-29"
"C00417493","PROGRESSIVE AMERICANS FOR DEMOCRACY","http://docquery.fec.gov/cgi-bin/fecimg/?C00417493","","DEFAZIO FOR CONGRESS","$46,031.60","$36,573.00","$18,656.33","2016-02-29"
"C00381806","PROGRESSIVE CHOICES PAC","http://docquery.fec.gov/cgi-bin/fecimg/?C00381806","SCHAKOWSKY, JANICE D","","$102,500.00","$62,562.70","$56,102.81","2016-02-29"
"C00406553","PROGRESSIVE VOTERS OF AMERICA","http://docquery.fec.gov/cgi-bin/fecimg/?C00406553","SANDERS, BERNARD","","$23,116.40","$126,539.50","$30,625.45","2015-12-31"
"C00508010","PROGRESSIVES ADVANCING UNITED LEADERSHIP AKA PAUL PAC","http://docquery.fec.gov/cgi-bin/fecimg/?C00508010","TONKO, PAUL","TONKO","$14,600.00","$6,207.40","$21,599.30","2016-02-29"
"C00528992","PROMISE PAC","http://docquery.fec.gov/cgi-bin/fecimg/?C00528992","FUDGE, MARCIA","FUDGE","$34,000.00","$32,074.10","$28,954.13","2016-02-29"
"C00440032","PROMOTING OUR REPUBLICAN TEAM PAC","http://docquery.fec.gov/cgi-bin/fecimg/?C00440032","","PORTMAN VICTORY COMMITTEE","$662,823.90","$605,037.40","$186,512.99","2016-02-29"
"C00529149","PROSPER NEW YORK PAC","http://docquery.fec.gov/cgi-bin/fecimg/?C00529149","","HON RICHARD HANNA","$10,000.00","$9,950.00","$5,653.44","2015-12-31"
"C00377689","PROSPERITY ACTION INC.","http://docquery.fec.gov/cgi-bin/fecimg/?C00377689","","RYAN PROSPERITY ACTION, INC.","$1,823,202.90","$1,440,694.50","$714,480.24","2016-02-29"
"C00574723","PROSPERITY OKLAHOMA PAC","http://docquery.fec.gov/cgi-bin/fecimg/?C00574723","","JON ECHOLS","$5,228.00","$4,862.10","$365.87","2015-12-31"
"C00563247","PROTECTING AMERICA UNDER LAW POLITICAL ACTION COMMITTEE","http://docquery.fec.gov/cgi-bin/fecimg/?C00563247","GOSAR, PAUL ANTHONY","GOSAR","$5,080.00","$1,030.10","$17,746.97","2015-12-31"
"C00551168","PUGET PAC","http://docquery.fec.gov/cgi-bin/fecimg/?C00551168","","RICK LARSEN","$49,000.00","$3,612.40","$78,695.09","2015-12-31"
"C00570861","R SENATE PAC","http://docquery.fec.gov/cgi-bin/fecimg/?C00570861","","JOHN CORNYN/ALAMO PAC","$75,000.00","$17,378.90","$67,621.12","2015-12-31"
"C00580464","RACPAC","http://docquery.fec.gov/cgi-bin/fecimg/?C00580464","","RYAN  A  COSTELLO","$17,501.00","$15,627.00","$1,874.05","2016-02-29"
"C00553255","RANGERS LEAD THE WAY PAC","http://docquery.fec.gov/cgi-bin/fecimg/?C00553255","","THOMAS COTTON","$1,000.00","$4,356.50",,"2015-03-23"
"C00493361","RAZOR PAC","http://docquery.fec.gov/cgi-bin/fecimg/?C00493361","WOMACK, STEVE","WOMACK","$20,000.00",,"$33,404.06","2016-02-29"
"C00487942","REACHING FOR A BRIGHTER AMERICA PAC","http://docquery.fec.gov/cgi-bin/fecimg/?C00487942","","","$65,500.00","$62,054.50","$54,987.12","2015-12-31"
"C00613018","READY TO WORK PAC","http://docquery.fec.gov/cgi-bin/fecimg/?C00613018","","SHEILA JACKSON LEE FOR CONGRESS",,,,""
"C00572040","REASONABLE INDEPENDENT CONSTRUCTIVE AND EFFECTIVE PAC (RICE PAC)","http://docquery.fec.gov/cgi-bin/fecimg/?C00572040","","RICE VICTORY FUND","$115,806.20","$51,940.40","$63,865.74","2015-12-31"
"C00569558","REBUILDING AMERICAS TRUST PAC","http://docquery.fec.gov/cgi-bin/fecimg/?C00569558","WOODALL, ROB REP.","WOODALL","$5,000.00","$1,501.00","$19,833.48","2016-03-31"
"C00500025","RECLAIM AMERICA PAC","http://docquery.fec.gov/cgi-bin/fecimg/?C00500025","RUBIO, MARCO","RUBIO","$1,271,821.20","$892,252.40","$410,936.83","2015-12-31"
"C00389122","RED PAC","http://docquery.fec.gov/cgi-bin/fecimg/?C00389122","PUTNAM, ADAM","",,"$4,903.70","$2,274.26","2016-02-29"
"C00493924","REINVENTING A NEW DIRECTION POLITICAL ACTION COMMITTEE","http://docquery.fec.gov/cgi-bin/fecimg/?C00493924","PAUL, RAND","PAUL","$857,598.50","$966,926.50","$51,111.83","2015-12-31"
"C00577676","RELIGHT AMERICA PAC","http://docquery.fec.gov/cgi-bin/fecimg/?C00577676","","MR KEITH ROTHFUS","$23,500.00","$22,155.40","$1,344.56","2016-02-29"
"C00344648","RELY ON YOUR BELIEFS FUND","http://docquery.fec.gov/cgi-bin/fecimg/?C00344648","BLUNT, ROY","BLUNT","$452,932.90","$416,687.10","$139,500.81","2016-02-29"
"C00475608","RENEWING THE AMERICAN DREAM PAC","http://docquery.fec.gov/cgi-bin/fecimg/?C00475608","","TIM WALZ","$20,000.00","$20,703.00","$1,157.67","2015-12-31"
"C00296640","REPUBLICAN MAJORITY FUND","http://docquery.fec.gov/cgi-bin/fecimg/?C00296640","","SENATOR THOMAS COTTON","$184,034.40","$140,527.70","$56,794.35","2015-12-31"
"C00451294","REPUBLICAN OPERATION TO SECURE AND KEEP A MAJORITY (ROSKAM PAC)","http://docquery.fec.gov/cgi-bin/fecimg/?C00451294","ROSKAM, PETER","ROSKAM","$380,399.70","$333,885.30","$128,233.61","2016-02-24"
"C00368696","RESPONSIBILITY AND FREEDOM WORK PAC (RFWPAC)","http://docquery.fec.gov/cgi-bin/fecimg/?C00368696","WICKER, ROGER F","WICKER","$308,721.70","$340,409.70","$22,093.86","2016-02-17"
"C00344333","RESTORE AMERICA PAC, INC","http://docquery.fec.gov/cgi-bin/fecimg/?C00344333","","","$3,327.80","$6,051.40","$213.78","2016-03-31"
"C00559211","RESTORE DEMOCRACY","http://docquery.fec.gov/cgi-bin/fecimg/?C00559211","","RICHARD M NOLAN","$10,000.00","$8,045.00","$1,955.61","2015-12-31"
"C00566117","RICE AMERICA PAC-REPUBLICANS IN CONGRESS EMPOWERING AMERICA","http://docquery.fec.gov/cgi-bin/fecimg/?C00566117","","TOM RICE","$21,048.50","$12,269.30","$24,556.34","2015-12-31"
"C00430934","RIPTIDE POLITICAL ACTION COMMITTEE","http://docquery.fec.gov/cgi-bin/fecimg/?C00430934","BILBRAY, BRIAN","BILBRAY","$1.20",,"$911.76","2015-12-31"
"C00486043","ROAD TO FREEDOM POLITICAL ACTION COMMITTEE","http://docquery.fec.gov/cgi-bin/fecimg/?C00486043","ROYCE, ED","ROYCE","$288,759.80","$299,586.30","$29,967.24","2016-02-29"
"C00385377","ROAD TO VICTORY POLITICAL ACTION COMMITTEE","http://docquery.fec.gov/cgi-bin/fecimg/?C00385377","DUNCAN, JOHN J REP. JR.","DUNCAN","$36,373.60","$63,677.20","$268,143.05","2016-02-29"
"C00436410","ROCK CITY PAC","http://docquery.fec.gov/cgi-bin/fecimg/?C00436410","CORKER, BOB","CORKER","$372,839.50","$308,008.50","$182,330.38","2015-12-31"
"C00546010","ROCKET PAC","http://docquery.fec.gov/cgi-bin/fecimg/?C00546010","HOLT, RUSH","HOLT",,"$85.00","$18,025.38","2015-12-31"
"C00573493","RODNEY PAC","http://docquery.fec.gov/cgi-bin/fecimg/?C00573493","DAVIS, RODNEY","DAVIS","$82,805.80","$54,942.40","$27,863.42","2015-12-31"
"C00545970","ROLE MODEL LEADERSHIP PAC","http://docquery.fec.gov/cgi-bin/fecimg/?C00545970","WILSON, FREDERICA S","WILSON","$5,000.00","$1,070.50","$8,223.87","2015-12-31"
"C00570770","RURAL AMERICA COUNTS PAC (RAC PAC)","http://docquery.fec.gov/cgi-bin/fecimg/?C00570770","","ERIC ALAN RICK CRAWFORD","$46,543.00","$46,868.20","$674.77","2016-02-29"
"C00165548","SAC PAC","http://docquery.fec.gov/cgi-bin/fecimg/?C00165548","MATSUI, DORIS","MATSUI","$90,250.00","$86,767.00","$34,807.88","2016-02-29"
"C00534032","SAFEGUARDING AMERICAN LIBERTIES MORALS & OPPORTUNITIES NOW (SALMON) PAC","http://docquery.fec.gov/cgi-bin/fecimg/?C00534032","","MATT SALMON","$13,348.60","$14,385.20","$7,970.18","2015-12-31"
"C00608463","SALT CITY PAC","http://docquery.fec.gov/cgi-bin/fecimg/?C00608463","","JOHN M KATKO",,,,""
"C00461723","SAVE AMERICA PAC","http://docquery.fec.gov/cgi-bin/fecimg/?C00461723","","JAMES E RISCH","$77,003.00","$61,303.00","$69,841.87","2015-12-31"
"C00486720","SEA CHANGE LEADERSHIP PAC","http://docquery.fec.gov/cgi-bin/fecimg/?C00486720","","KAREN BASS","$33,350.00","$32,595.10","$60,387.85","2015-12-31"
"C00563338","SEAGRASS PAC","http://docquery.fec.gov/cgi-bin/fecimg/?C00563338","JOLLY, DAVID W.","JOLLY","$66,100.00","$51,273.60","$24,353.62","2015-12-31"
"C00570226","SEAL PAC SUPPORTING ELECTING AMERICAN LEADERS PAC","http://docquery.fec.gov/cgi-bin/fecimg/?C00570226","","","$848,373.20","$781,485.30","$66,887.89","2015-12-31"
"C00327395","SEARCHLIGHT LEADERSHIP FUND","http://docquery.fec.gov/cgi-bin/fecimg/?C00327395","REID, HARRY","REID","$938,179.00","$875,924.90","$177,780.91","2016-02-29"
"C00345702","SECURE AMERICA'S MAJORITY PAC","http://docquery.fec.gov/cgi-bin/fecimg/?C00345702","JOHNSON, SAMUEL","JOHNSON","$8,000.10","$220.00","$29,300.66","2015-12-31"
"C00411611","SECURE PAC","http://docquery.fec.gov/cgi-bin/fecimg/?C00411611","","BENNIE G. THOMPSON","$117,642.70","$54,733.80","$305,863.22","2016-02-29"
"C00556258","SEE CHANGE - SCIENCE ENERGY & ENVIRONMENT CHANGE PAC","http://docquery.fec.gov/cgi-bin/fecimg/?C00556258","MCNERNEY, JERRY","MCNERNEY","$15,000.00","$7,637.50","$12,672.00","2016-02-29"
"C00544262","SEMPER FI PAC","http://docquery.fec.gov/cgi-bin/fecimg/?C00544262","","PAUL COOK","$32,000.00","$34,050.20","$25,835.23","2015-12-31"
"C00571802","SENSIBLE AMERICAN SOLUTIONS SUPPORTING EVERYONE PAC","http://docquery.fec.gov/cgi-bin/fecimg/?C00571802","","BENJAMIN E SASSE","$189,500.00","$88,772.00","$100,728.05","2016-02-29"
"C00571174","SERVE AMERICA PAC","http://docquery.fec.gov/cgi-bin/fecimg/?C00571174","MOULTON, SETH","MOULTON","$47,605.00","$17,747.10","$55,423.44","2015-12-31"
"C00402784","SHARP PENCIL PAC","http://docquery.fec.gov/cgi-bin/fecimg/?C00402784","COBLE, JOHN HOWARD","COBLE",,"$48.00","$9,828.67","2015-12-31"
"C00474841","SHERIFF PAC","http://docquery.fec.gov/cgi-bin/fecimg/?C00474841","REICHERT, DAVE","REICHERT","$14,600.00","$6,714.70","$13,441.83","2015-12-31"
"C00410308","SHORE PAC","http://docquery.fec.gov/cgi-bin/fecimg/?C00410308","PALLONE, FRANK","","$343,890.00","$304,442.20","$93,152.32","2016-02-29"
"C00410621","SHOW-ME POLITICAL ACTION COMMITTEE","http://docquery.fec.gov/cgi-bin/fecimg/?C00410621","","","$39,000.00","$6,850.00","$65,534.42","2015-12-31"
"C00470666","SKIPAC","http://docquery.fec.gov/cgi-bin/fecimg/?C00470666","MATHESON, JAMES","MATHESON",,"$9,517.30","$57,726.52","2016-02-29"
"C00544502","SOLUTIONS PAC","http://docquery.fec.gov/cgi-bin/fecimg/?C00544502","","DAN MAFFEI",,"$34.90","$4,905.39","2015-12-31"
"C00430371","SOUTH DAKOTA FIRST","http://docquery.fec.gov/cgi-bin/fecimg/?C00430371","","TIM JOHNSON",,"$26,131.20","$231,639.39","2015-12-31"
"C00361410","SOUTHERN CALIFORNIA FUND","http://docquery.fec.gov/cgi-bin/fecimg/?C00361410","","BRAD SHERMAN","$64,102.90","$50,802.70","$52,972.06","2015-12-31"
"C00376756","SPEAK UP AMERICA POLITICAL ACTION COMMITTEE","http://docquery.fec.gov/cgi-bin/fecimg/?C00376756","","JOE WILSON","$36,000.00","$54,510.20","$471.17","2015-12-31"
"C00404418","STAND TALL AMERICA PAC (STAPAC)","http://docquery.fec.gov/cgi-bin/fecimg/?C00404418","","THORNBERRY","$218,000.00","$112,452.40","$121,772.41","2016-02-10"
"C00323923","STONEWALL DEMOCRATIC CLUB","http://docquery.fec.gov/cgi-bin/fecimg/?C00323923","","",,"$280.00","$197.93","2015-12-31"
"C00497842","STRATEGY PAC","http://docquery.fec.gov/cgi-bin/fecimg/?C00497842","","RON JOHNSON","$243,200.00","$215,637.50","$96,663.63","2015-12-31"
"C00488189","STRENGTHEN AMERICA PAC","http://docquery.fec.gov/cgi-bin/fecimg/?C00488189","","JOHN F TIERNEY",,"$5,300.00","$3,486.75","2015-06-30"
"C00501478","SUPPORT TO ENSURE VICTORY EVERYWHERE PAC-STEVE PAC","http://docquery.fec.gov/cgi-bin/fecimg/?C00501478","STIVERS, STEVE","STIVERS","$175,247.00","$198,600.20","$4,229.18","2016-02-29"
"C00453324","SUPPORTING CONSERVATIVES OF TODAY AND TOMORROW (SCOTT PAC)","http://docquery.fec.gov/cgi-bin/fecimg/?C00453324","","REP. SCOTT GARRETT","$51,500.00","$87,771.00","$15,531.36","2016-02-29"
"C00563601","SUPPORTING HOUSE PROBLEM SOLVERS - SHP PAC","http://docquery.fec.gov/cgi-bin/fecimg/?C00563601","","SCOTT PETERS","$39,500.00","$22,974.50","$35,362.80","2016-02-29"
"C00409623","SYNERGY PAC","http://docquery.fec.gov/cgi-bin/fecimg/?C00409623","LARSON, JOHN","","$251,150.00","$210,859.50","$118,868.93","2016-02-29"
"C00481242","TAKIN BACK AMERICA","http://docquery.fec.gov/cgi-bin/fecimg/?C00481242","AKIN, W TODD","AKIN",,"$1,110.30","$30,643.79","2015-12-31"
"C00546325","TAKING AN INDEPENDENT PERSPECTIVE TOGETHER FOR OUR NATION PAC","http://docquery.fec.gov/cgi-bin/fecimg/?C00546325","","",,"$1,000.00","$4,466.69","2015-12-31"
"C00461137","TAKING OUR MAJORITY PAC (T.O.M.PAC)","http://docquery.fec.gov/cgi-bin/fecimg/?C00461137","","MCCLINTOCK FOR CONGRESS",,,"$3,092.85","2016-02-29"
"C00448019","TAKING THE HILL PAC","http://docquery.fec.gov/cgi-bin/fecimg/?C00448019","","",,"$815.60",,"2015-06-27"
"C00363689","TALLATCHEE CREEK INC. PAC","http://docquery.fec.gov/cgi-bin/fecimg/?C00363689","SESSIONS, JEFF","SESSIONS","$100,000.00","$109,508.20","$10,693.29","2016-02-29"
"C00506428","TAR HEEL POLITICAL ACTION COMMITTEE","http://docquery.fec.gov/cgi-bin/fecimg/?C00506428","","MIKE MCINTYRE",,,"$18,385.00","2015-12-31"
"C00493239","TAXPAYERS INCENSED BY GOVERNMENT EXCESS AND REGULATION PAC","http://docquery.fec.gov/cgi-bin/fecimg/?C00493239","ROSS, DENNIS","ROSS","$26,000.00","$14,652.00","$18,960.16","2015-12-31"
"C00460188","TEJANO POLITICAL ACTION COMMITTEE","http://docquery.fec.gov/cgi-bin/fecimg/?C00460188","RODRIGUEZ, CIRO","RODRIGUEZ",,,,""
"C00340661","TEXAS FREEDOM FUND","http://docquery.fec.gov/cgi-bin/fecimg/?C00340661","BARTON, JOE","BARTON","$18,001.10","$14,726.60","$17,112.34","2015-12-31"
"C00328468","THE COMMITTEE FOR THE PRESERVATION OF CAPITALISM","http://docquery.fec.gov/cgi-bin/fecimg/?C00328468","","CHARLES BOUSTANY","$136,002.30","$126,353.90","$35,841.60","2016-02-29"
"C00467431","THE EYE OF THE TIGER POLITICAL ACTION COMMITTEE","http://docquery.fec.gov/cgi-bin/fecimg/?C00467431","","WHIT IT GOOD","$657,572.70","$694,692.70","$90,663.09","2016-02-29"
"C00512855","THE FUND FOR AMERICAN EXCEPTIONALISM","http://docquery.fec.gov/cgi-bin/fecimg/?C00512855","","REP TODD ROKITA","$14,905.00","$14,413.40","$19,688.56","2015-12-31"
"C00379479","THE HAWKEYE PAC","http://docquery.fec.gov/cgi-bin/fecimg/?C00379479","GRASSLEY, CHARLES E","GRASSLEY","$136,786.80","$112,519.40","$40,773.09","2015-12-31"
"C00381681","THE KEYSTONE FUND","http://docquery.fec.gov/cgi-bin/fecimg/?C00381681","","MIKE DOYLE","$75,000.00","$62,386.00","$31,837.05","2016-02-29"
"C00202861","THE SENATE VICTORY FUND PAC","http://docquery.fec.gov/cgi-bin/fecimg/?C00202861","COCHRAN, THAD","COCHRAN","$132,042.60","$301,388.10","$91,130.28","2016-02-29"
"C00425439","THOROUGHBRED PAC","http://docquery.fec.gov/cgi-bin/fecimg/?C00425439","WHITFIELD, ED","WHITFIELD","$81,413.90","$155,571.20","$180,004.34","2016-02-29"
"C00574376","THUNDERBOLT PAC","http://docquery.fec.gov/cgi-bin/fecimg/?C00574376","MCSALLY, MARTHA","MCSALLY","$8,500.00","$6,000.00","$2,500.00","2016-02-29"
"C00460857","TIDEWATER POLITICAL ACTION COMMITTEE","http://docquery.fec.gov/cgi-bin/fecimg/?C00460857","","",,"$980.40",,"2015-12-31"
"C00542993","TIME TO UNITE LEAD AND SERVE WITH INTEGRITY - TULSI PAC","http://docquery.fec.gov/cgi-bin/fecimg/?C00542993","GABBARD, TULSI","GABBARD","$35,585.00","$37,658.00","$3,882.41","2016-02-29"
"C00505297","TITLETOWN PAC","http://docquery.fec.gov/cgi-bin/fecimg/?C00505297","RIBBLE, REID","RIBBLE","$27,344.00","$41,228.30",,"2016-02-19"
"C00581066","TMAC PAC","http://docquery.fec.gov/cgi-bin/fecimg/?C00581066","","THOMAS MACARTHUR","$21,000.00","$4,551.50","$16,448.50","2015-12-31"
"C00513523","TN4UPAC","http://docquery.fec.gov/cgi-bin/fecimg/?C00513523","","","$25,260.00","$17,480.00","$11,877.84","2015-12-31"
"C00570887","TO REPUBLICANS OWNING THIS TOWN IN EVERY RACE PAC TROTTER PAC","http://docquery.fec.gov/cgi-bin/fecimg/?C00570887","","DAVID A TROTT","$5,000.00","$130.00","$5,120.00","2015-12-31"
"C00484055","TOGETHER ENCOURAGING DEMOCRACY - T.E.D. PAC","http://docquery.fec.gov/cgi-bin/fecimg/?C00484055","DEUTCH, THEODORE","","$17,500.00","$7,865.80","$13,720.90","2016-02-29"
"C00525030","TOGETHER EVERYONE REALIZES REAL IMPACT PAC AKA TERRI PAC","http://docquery.fec.gov/cgi-bin/fecimg/?C00525030","","TERRI A SEWELL","$48,500.00","$35,240.90","$37,603.07","2015-12-31"
"C00364174","TOGETHER FOR OUR MAJORITY POLITICAL ACTION COMMITTEE (TOMPAC)","http://docquery.fec.gov/cgi-bin/fecimg/?C00364174","","","$735.70","$30,230.50","$330,907.13","2016-02-29"
"C00571323","TOGETHER HOLDING OUR MAJORITY PAC","http://docquery.fec.gov/cgi-bin/fecimg/?C00571323","TILLIS, THOM R","TILLIS","$196,424.30","$95,469.40","$100,954.89","2015-12-31"
"C00583526","TOGETHER UNITED FOR LIBERTY, INTEGRITY AND PROSPERITY PAC (TULIP PAC)","http://docquery.fec.gov/cgi-bin/fecimg/?C00583526","MOOLENAAR, JOHN","MOOLENAAR",,,,"2015-12-31"
"C00526657","TOWARD TOMORROW PAC","http://docquery.fec.gov/cgi-bin/fecimg/?C00526657","CASTRO, JOAQUIN","CASTRO","$10,000.00","$11,863.60","$203.81","2016-02-29"
"C00433680","TREASURE STATE PAC","http://docquery.fec.gov/cgi-bin/fecimg/?C00433680","TESTER, JON","","$573,458.40","$579,232.20","$48,422.44","2016-02-29"
"C00571000","TRUE NORTH PAC","http://docquery.fec.gov/cgi-bin/fecimg/?C00571000","","DAN SULLIVAN","$266,300.00","$190,595.00","$88,204.96","2015-12-31"
"C00417865","TRUEDEM LEADERSHIP FUND","http://docquery.fec.gov/cgi-bin/fecimg/?C00417865","","REP MARCY KAPTUR","$25,000.00","$1,060.00","$65,243.92","2016-02-24"
"C00330720","TRUST PAC TEAM REPUBLICANS FOR UTILIZING SENSIBLE TACTICS","http://docquery.fec.gov/cgi-bin/fecimg/?C00330720","UPTON, FREDERICK STEPHEN","","$302,374.40","$555,183.10","$86,944.84","2016-02-10"
"C00413070","TRUTH ACCOUNTABILITY AND COURAGE POLITICAL ACTION COMMITTEE (TACPAC)","http://docquery.fec.gov/cgi-bin/fecimg/?C00413070","COBURN, SENATOR THOMAS","COBURN","$3.00","$21,993.40","$11,800.15","2015-12-31"
"C00498360","TRUTH IS MARKETS WORK FUND A/K/A TIM W FUND","http://docquery.fec.gov/cgi-bin/fecimg/?C00498360","","TIMOTHY L WALBERG","$26,070.40","$9,230.20","$21,954.98","2016-02-29"
"C00517235","TURQUOISE PAC","http://docquery.fec.gov/cgi-bin/fecimg/?C00517235","","BEN R LUJAN","$238,681.80","$243,114.80","$18,720.58","2016-02-29"
"C00429787","UNITED FOR PROGRESS LEADERSHIP COMMITTEE","http://docquery.fec.gov/cgi-bin/fecimg/?C00429787","COSTELLO, JERRY","",,"$21,058.70","$219,545.88","2016-02-29"
"C00345033","UNITED IN FREEDOM","http://docquery.fec.gov/cgi-bin/fecimg/?C00345033","SWEENEY, JOHN","",,,"$2,866.13","2015-12-31"
"C00422774","USA PAC - UNITED FOR A STRONG AMERICA","http://docquery.fec.gov/cgi-bin/fecimg/?C00422774","SCHIFF, ADAM","SCHIFF","$10,037.90","$2,621.30","$11,054.04","2015-12-31"
"C00431197","VALLEY POLITICAL ACTION COMMITTEE","http://docquery.fec.gov/cgi-bin/fecimg/?C00431197","PETERSON, COLLIN CLARK","PETERSON","$73,000.00","$28,112.30","$128,973.46","2016-02-29"
"C00570622","VAQUERO PAC","http://docquery.fec.gov/cgi-bin/fecimg/?C00570622","VELA, FILEMON","VELA","$59,400.00","$59,422.10","$4,977.91","2016-02-29"
"C00499798","VICKY PAC","http://docquery.fec.gov/cgi-bin/fecimg/?C00499798","HARTZLER, VICKY","HARTZLER","$5,000.00","$6,245.80","$15,068.80","2015-12-31"
"C00525212","VICTORY AND FREEDOM PAC (VAF PAC)","http://docquery.fec.gov/cgi-bin/fecimg/?C00525212","FOXX, VIRGINIA","FOXX","$44,767.30","$7,812.80","$109,427.31","2015-12-31"
"C00570101","VICTORY BY INVESTING BUILDING AND EMPOWERING (VIBE) PAC","http://docquery.fec.gov/cgi-bin/fecimg/?C00570101","","TONY CARDENAS","$115,339.30","$104,361.20","$11,323.53","2016-02-29"
"C00378695","VICTORY IN NOVEMBER ELECTION PAC (VINEPAC)","http://docquery.fec.gov/cgi-bin/fecimg/?C00378695","","MIKE THOMPSON","$232,030.00","$220,331.00","$47,111.35","2016-02-29"
"C00416743","VICTORY NOW PAC","http://docquery.fec.gov/cgi-bin/fecimg/?C00416743","","CHRIS VAN HOLLEN","$139,200.00","$15,069.00","$130,140.59","2016-02-29"
"C00344374","VICTORY POLITICAL ACTION COMMITTEE","http://docquery.fec.gov/cgi-bin/fecimg/?C00344374","","","$8,827.50","$11,537.50","$358.00","2016-02-29"
"C00521021","VICTORYPAC","http://docquery.fec.gov/cgi-bin/fecimg/?C00521021","","REP GARY L ACKERMAN",,"$88.00","$18,349.63","2015-12-31"
"C00565036","VIKING LEADERSHIP PAC","http://docquery.fec.gov/cgi-bin/fecimg/?C00565036","","EMMER FOR CONGRESS","$10,604.00","$10,612.40",,"2015-08-11"
"C00378356","VIRGINIA LEADERSHIP PAC","http://docquery.fec.gov/cgi-bin/fecimg/?C00378356","MORAN, JR., JAMES P.","MORAN, JR.","$6,118.80","$8,439.50","$56,925.39","2016-02-29"
"C00486332","VISION FOR AMERICA","http://docquery.fec.gov/cgi-bin/fecimg/?C00486332","","JACKIE SPEIER","$15,000.00","$1,925.80","$42,162.74","2015-12-31"
"C00603134","VISIONARY PAC","http://docquery.fec.gov/cgi-bin/fecimg/?C00603134","","ROBIN  KELLY","$5,000.00","$99.00","$4,901.00","2016-02-29"
"C00551838","VITORIA PAC","http://docquery.fec.gov/cgi-bin/fecimg/?C00551838","","DAVID VALADAO","$19,254.40","$34,330.20","$17,348.34","2015-12-31"
"C00409805","VOICE FOR FREEDOM","http://docquery.fec.gov/cgi-bin/fecimg/?C00409805","","PRICE FREEDOM FUND","$279,681.30","$176,212.30","$155,175.95","2016-02-29"
"C00431403","VOTE TO ELECT REPUBLICANS NOW PAC (VERN PAC)","http://docquery.fec.gov/cgi-bin/fecimg/?C00431403","","VERNON BUCHANAN","$153,198.50","$114,051.90","$56,417.48","2015-12-31"
"C00438721","WE THE PEOPLE PAC","http://docquery.fec.gov/cgi-bin/fecimg/?C00438721","","ALLYSON Y. SCHWARTZ","$1,603.10","$4,832.00","$3,558.44","2015-12-31"
"C00500793","WELLS PAC","http://docquery.fec.gov/cgi-bin/fecimg/?C00500793","SCOTT, JAMES","SCOTT","$45,500.00","$20,437.80","$31,233.07","2016-02-29"
"C00571646","WHAT A COUNTRY! PAC","http://docquery.fec.gov/cgi-bin/fecimg/?C00571646","CURBELO, CARLOS","CURBELO","$114,909.90","$111,938.40","$2,971.49","2016-02-29"
"C00500256","WHO DAT PAC","http://docquery.fec.gov/cgi-bin/fecimg/?C00500256","RICHMOND, CEDRIC","RICHMOND","$49,663.50","$47,805.90","$32,461.18","2015-12-31"
"C00489336","WILD AND WONDERFUL PAC","http://docquery.fec.gov/cgi-bin/fecimg/?C00489336","","SHELLEY MOORE CAPITO","$179,102.60","$217,019.60","$59,419.59","2016-02-29"
"C00383927","WIN BACK AMERICA POLITICAL ACTION COMMITTEE","http://docquery.fec.gov/cgi-bin/fecimg/?C00383927","","",,"$1,180.50","$744.39","2015-12-31"
"C00599092","WOLF PACK","http://docquery.fec.gov/cgi-bin/fecimg/?C00599092","","EMANUEL  CLEAVER  II","$10,250.00",,"$10,250.00","2016-02-29"
"C00451583","WOLVERINE PAC","http://docquery.fec.gov/cgi-bin/fecimg/?C00451583","DINGELL, DEBBIE","DINGELL","$15,000.00","$10,698.50","$14,221.59","2016-02-29"
"C00582650","WOMEN'S EMPOWERMENT POLITICAL ACTION COMMITTEE AKA WE PAC","http://docquery.fec.gov/cgi-bin/fecimg/?C00582650","","",,,,""
"C00497305","YOPAC","http://docquery.fec.gov/cgi-bin/fecimg/?C00497305","YODER, REP. KEVIN W.","YODER","$125,933.00","$68,948.10","$96,516.87","2015-12-31"
"C00570671","ZIA POLITICAL ACTION COMMITTEE (ZIA PAC)","http://docquery.fec.gov/cgi-bin/fecimg/?C00570671","","STEVAN E PEARCE","$5,000.00","$1,115.40","$4,363.67","2015-12-31"
